date,homicidios,homicidios_ma7,homicidios_ma30,robos,tavg,tmin,tmax,prcp,wspd,pres,precio_dolar,año,mes,dia,dia_semana,dia_semana_num,es_fin_semana,es_dia_pago,es_festivo,es_dia_habil,despues_festivo,antes_festivo,quincena,dias_desde_pago,semana,dia_del_año,inicio_mes,fin_mes,lluvia,lluvia_fuerte,dia_muy_caluroso,dia_muy_fresco
2024-07-07,1,0.7142857142857143,1.1,0.0,29.4,24.7,35.1,0.0,7.6,1012.7,19.940200805664062,2024,7,7,Sunday,6,1,False,False,False,False,False,1,2,27,189,0,0,0,0,0,0
2024-07-08,1,0.7142857142857143,1.1,0.0,29.4,24.7,35.1,0.0,7.6,1012.7,19.940200805664062,2024,7,8,Monday,0,0,False,False,True,False,False,1,3,28,190,0,0,0,0,0,0
2024-07-09,0,0.7142857142857143,1.1,0.0,29.4,24.7,35.1,0.0,7.6,1012.7,19.940200805664062,2024,7,9,Tuesday,1,0,False,False,True,False,False,1,4,28,191,0,0,0,0,0,0
2024-07-10,1,0.7142857142857143,1.1,0.0,29.4,24.7,35.1,0.0,7.6,1012.7,19.940200805664062,2024,7,10,Wednesday,2,0,False,False,True,False,False,1,5,28,192,0,0,0,0,0,0
2024-07-11,2,0.7142857142857143,1.1,0.0,29.4,24.7,35.1,0.0,7.6,1012.7,19.940200805664062,2024,7,11,Thursday,3,0,False,False,True,False,False,1,6,28,193,0,0,0,0,0,0
2024-07-12,0,0.8571428571428571,1.1,0.0,29.4,24.7,35.1,0.0,7.6,1012.7,19.940200805664062,2024,7,12,Friday,4,0,True,False,True,False,False,1,0,28,194,0,0,0,0,0,0
2024-07-13,0,0.8571428571428571,1.1,0.0,29.4,24.7,35.1,0.0,7.6,1012.7,19.940200805664062,2024,7,13,Saturday,5,1,False,False,False,False,False,1,1,28,195,0,0,0,0,0,0
2024-07-14,1,0.8571428571428571,1.1,0.0,29.4,24.7,35.1,0.0,7.6,1012.7,19.940200805664062,2024,7,14,Sunday,6,1,False,False,False,False,False,1,2,28,196,0,0,0,0,0,0
2024-07-15,2,0.7142857142857143,1.1,0.0,29.4,24.7,35.1,0.0,7.6,1012.7,19.940200805664062,2024,7,15,Monday,0,0,True,False,True,False,False,1,0,29,197,0,0,0,0,0,0
2024-07-16,0,0.8571428571428571,1.1,0.0,29.4,24.7,35.1,0.0,7.6,1012.7,19.940200805664062,2024,7,16,Tuesday,1,0,False,False,True,False,False,2,1,29,198,0,0,0,0,0,0
2024-07-17,1,1.1428571428571428,1.1,0.0,29.4,24.7,35.1,0.0,7.6,1012.7,19.940200805664062,2024,7,17,Wednesday,2,0,False,False,True,False,False,2,2,29,199,0,0,0,0,0,0
2024-07-18,1,1.0,1.1,0.0,29.4,24.7,35.1,0.0,7.6,1012.7,19.940200805664062,2024,7,18,Thursday,3,0,False,False,True,False,False,2,3,29,200,0,0,0,0,0,0
2024-07-19,1,0.8571428571428571,1.1,0.0,29.4,24.7,35.1,0.0,7.6,1012.7,19.940200805664062,2024,7,19,Friday,4,0,True,False,True,False,False,2,0,29,201,0,0,0,0,0,0
2024-07-20,2,1.5714285714285714,1.1,0.0,29.4,24.7,35.1,0.0,7.6,1012.7,19.940200805664062,2024,7,20,Saturday,5,1,False,False,False,False,False,2,1,29,202,0,0,0,0,0,0
2024-07-21,0,1.5714285714285714,1.1,0.0,29.4,24.7,35.1,0.0,7.6,1012.7,19.940200805664062,2024,7,21,Sunday,6,1,False,False,False,False,False,2,2,29,203,0,0,0,0,0,0
2024-07-22,1,2.0,1.1,0.0,29.4,24.7,35.1,0.0,7.6,1012.7,19.940200805664062,2024,7,22,Monday,0,0,False,False,True,False,False,2,3,30,204,0,0,0,0,0,0
2024-07-23,5,2.142857142857143,1.0666666666666669,0.0,29.4,24.7,35.1,0.0,7.6,1012.7,19.940200805664062,2024,7,23,Tuesday,1,0,False,False,True,False,False,2,4,30,205,0,0,0,0,0,0
2024-07-24,1,1.8571428571428568,1.1,0.0,29.4,24.7,35.1,0.0,7.6,1012.7,19.940200805664062,2024,7,24,Wednesday,2,0,False,False,True,False,False,2,5,30,206,0,0,0,0,0,0
2024-07-25,4,2.142857142857143,1.2333333333333334,0.0,29.4,24.7,35.1,0.0,7.6,1012.7,19.940200805664062,2024,7,25,Thursday,3,0,False,False,True,False,False,2,6,30,207,0,0,0,0,0,0
2024-07-26,2,2.0,1.2333333333333334,0.0,29.4,24.7,35.1,0.0,7.6,1012.7,19.940200805664062,2024,7,26,Friday,4,0,True,False,True,False,False,2,0,30,208,0,0,0,0,0,0
2024-07-27,0,1.2857142857142858,1.2,0.0,29.4,24.7,35.1,0.0,7.6,1012.7,19.940200805664062,2024,7,27,Saturday,5,1,False,False,False,False,False,2,1,30,209,0,0,0,0,0,0
2024-07-28,2,1.2857142857142858,1.2,0.0,29.4,24.7,35.1,0.0,7.6,1012.7,19.940200805664062,2024,7,28,Sunday,6,1,False,False,False,False,False,2,2,30,210,0,0,0,0,0,0
2024-07-29,0,1.0,1.2,0.0,29.4,24.7,35.1,0.0,7.6,1012.7,19.940200805664062,2024,7,29,Monday,0,0,False,False,True,False,False,2,3,31,211,0,0,0,0,0,0
2024-07-30,0,0.7142857142857143,1.1666666666666667,0.0,29.4,24.7,35.1,0.0,7.6,1012.7,19.940200805664062,2024,7,30,Tuesday,1,0,False,False,True,False,False,2,4,31,212,0,0,0,0,0,0
2024-07-31,1,1.0,1.2333333333333334,0.0,29.4,24.7,35.1,0.0,7.6,1012.7,19.940200805664062,2024,7,31,Wednesday,2,0,True,False,True,False,False,2,0,31,213,0,1,0,0,0,0
2024-08-01,2,0.7142857142857143,1.2666666666666666,0.0,29.4,24.7,35.1,0.0,7.6,1012.7,19.940200805664062,2024,8,1,Thursday,3,0,True,False,True,False,False,1,0,31,214,1,0,0,0,0,0
2024-08-02,0,0.7142857142857143,1.3666666666666667,0.0,29.4,24.7,35.1,0.0,7.6,1012.7,19.940200805664062,2024,8,2,Friday,4,0,True,False,True,False,False,1,0,31,215,0,0,0,0,0,0
2024-08-03,2,0.7142857142857143,1.5333333333333334,0.0,29.4,24.7,35.1,0.0,7.6,1012.7,19.940200805664062,2024,8,3,Saturday,5,1,False,False,False,False,False,1,1,31,216,0,0,0,0,0,0
2024-08-04,0,0.8571428571428571,1.5666666666666669,0.0,29.4,24.7,35.1,0.0,7.6,1012.7,19.940200805664062,2024,8,4,Sunday,6,1,False,False,False,False,False,1,2,31,217,0,0,0,0,0,0
2024-08-05,0,1.1428571428571428,1.5,0.0,29.4,24.7,35.1,0.0,7.6,1012.7,19.940200805664062,2024,8,5,Monday,0,0,False,False,True,False,False,1,3,32,218,0,0,0,0,0,0
2024-08-06,0,1.2857142857142858,1.5,0.0,29.4,24.7,35.1,0.0,7.6,1012.7,19.940200805664062,2024,8,6,Tuesday,1,0,False,False,True,False,False,1,4,32,219,0,0,0,0,0,0
2024-08-07,2,1.1428571428571428,1.4666666666666666,0.0,29.4,24.7,35.1,0.0,7.6,1012.7,19.940200805664062,2024,8,7,Wednesday,2,0,False,False,True,False,False,1,5,32,220,0,0,0,0,0,0
2024-08-08,4,1.1428571428571428,1.3666666666666667,0.0,29.4,24.7,35.1,0.0,7.6,1012.7,19.940200805664062,2024,8,8,Thursday,3,0,False,False,True,False,False,1,6,32,221,0,0,0,0,0,0
2024-08-09,1,1.1428571428571428,1.4,0.0,29.4,24.7,35.1,0.0,7.6,1012.7,19.940200805664062,2024,8,9,Friday,4,0,True,False,True,False,False,1,0,32,222,0,0,0,0,0,0
2024-08-10,1,1.1428571428571428,1.2666666666666666,0.0,29.4,24.7,35.1,0.0,7.6,1012.7,19.940200805664062,2024,8,10,Saturday,5,1,False,False,False,False,False,1,1,32,223,0,0,0,0,0,0
2024-08-11,0,1.4285714285714286,1.2,0.0,29.4,24.7,35.1,0.0,7.6,1012.7,19.940200805664062,2024,8,11,Sunday,6,1,False,False,False,False,False,1,2,32,224,0,0,0,0,0,0
2024-08-12,0,1.0,1.2,0.0,29.4,24.7,35.1,0.0,7.6,1012.7,19.940200805664062,2024,8,12,Monday,0,0,False,False,True,False,False,1,3,33,225,0,0,0,0,0,0
2024-08-13,0,1.4285714285714286,1.2,0.0,29.4,24.7,35.1,0.0,7.6,1012.7,19.940200805664062,2024,8,13,Tuesday,1,0,False,False,True,False,False,1,4,33,226,0,0,0,0,0,0
2024-08-14,4,2.142857142857143,1.3,0.0,29.4,24.7,35.1,0.0,7.6,1012.7,19.940200805664062,2024,8,14,Wednesday,2,0,False,False,True,False,False,1,5,33,227,0,0,0,0,0,0
2024-08-15,1,2.4285714285714284,1.3666666666666667,0.0,29.4,24.7,35.1,0.0,7.6,1012.7,19.940200805664062,2024,8,15,Thursday,3,0,True,False,True,False,False,1,0,33,228,0,0,0,0,0,0
2024-08-16,4,2.4285714285714284,1.3333333333333333,0.0,29.4,24.7,35.1,0.0,7.6,1012.7,19.940200805664062,2024,8,16,Friday,4,0,True,False,True,False,False,2,0,33,229,0,0,0,0,0,0
2024-08-17,6,2.4285714285714284,1.3333333333333333,0.0,29.4,24.7,35.1,0.0,7.6,1012.7,19.940200805664062,2024,8,17,Saturday,5,1,False,False,False,False,False,2,1,33,230,0,0,0,0,0,0
2024-08-18,2,1.8571428571428568,1.3666666666666667,0.0,29.4,24.7,35.1,0.0,7.6,1012.7,19.940200805664062,2024,8,18,Sunday,6,1,False,False,False,False,False,2,2,33,231,0,0,0,0,0,0
2024-08-19,0,2.0,1.3333333333333333,0.0,29.4,24.7,35.1,0.0,7.6,1012.7,19.940200805664062,2024,8,19,Monday,0,0,False,False,True,False,False,2,3,34,232,0,0,0,0,0,0
2024-08-20,0,1.7142857142857142,1.3666666666666667,0.0,29.4,24.7,35.1,0.0,7.6,1012.7,19.940200805664062,2024,8,20,Tuesday,1,0,False,False,True,False,False,2,4,34,233,0,0,0,0,0,0
2024-08-21,0,0.8571428571428571,1.5,0.0,29.4,24.7,35.1,0.0,7.6,1012.7,19.940200805664062,2024,8,21,Wednesday,2,0,False,False,True,False,False,2,5,34,234,0,0,0,0,0,0
2024-08-22,2,0.5714285714285714,1.5666666666666669,0.0,29.4,24.7,35.1,0.0,7.6,1012.7,19.940200805664062,2024,8,22,Thursday,3,0,False,False,True,False,False,2,6,34,235,0,0,0,0,0,0
2024-08-23,2,0.5714285714285714,1.5333333333333334,0.0,29.4,24.7,35.1,0.0,7.6,1012.7,19.940200805664062,2024,8,23,Friday,4,0,True,False,True,False,False,2,0,34,236,0,0,0,0,0,0
2024-08-24,0,0.8571428571428571,1.4,0.0,29.4,24.7,35.1,0.0,7.6,1012.7,19.940200805664062,2024,8,24,Saturday,5,1,False,False,False,False,False,2,1,34,237,0,0,0,0,0,0
2024-08-25,0,1.2857142857142858,1.3666666666666667,0.0,29.4,24.7,35.1,0.0,7.6,1012.7,19.940200805664062,2024,8,25,Sunday,6,1,False,False,False,False,False,2,2,34,238,0,0,0,0,0,0
2024-08-26,0,1.2857142857142858,1.4666666666666666,0.0,29.4,24.7,35.1,0.0,7.6,1012.7,19.940200805664062,2024,8,26,Monday,0,0,False,False,True,False,False,2,3,35,239,0,0,0,0,0,0
2024-08-27,2,1.0,1.6,0.0,29.4,24.7,35.1,0.0,7.6,1012.7,19.940200805664062,2024,8,27,Tuesday,1,0,False,False,True,False,False,2,4,35,240,0,0,0,0,0,0
2024-08-28,3,1.2857142857142858,1.6333333333333333,0.0,29.4,24.7,35.1,0.0,7.6,1012.7,19.940200805664062,2024,8,28,Wednesday,2,0,False,False,True,False,False,2,5,35,241,0,0,0,0,0,0
2024-08-29,2,1.4285714285714286,1.7333333333333334,0.0,29.4,24.7,35.1,0.0,7.6,1012.7,19.940200805664062,2024,8,29,Thursday,3,0,False,False,True,False,False,2,6,35,242,0,0,0,0,0,0
2024-08-30,0,1.5714285714285714,1.8333333333333333,0.0,29.4,24.7,35.1,0.0,7.6,1012.7,19.940200805664062,2024,8,30,Friday,4,0,True,False,True,False,False,2,0,35,243,0,0,0,0,0,0
2024-08-31,2,1.4285714285714286,1.9,0.0,29.4,24.7,35.1,0.0,7.6,1012.7,19.940200805664062,2024,8,31,Saturday,5,1,True,False,False,False,False,2,0,35,244,0,1,0,0,0,0
2024-09-01,1,1.5714285714285714,2.2333333333333334,0.0,29.4,24.7,35.1,0.0,7.6,1012.7,19.940200805664062,2024,9,1,Sunday,6,1,True,False,False,False,False,1,0,35,245,1,0,0,0,0,0
2024-09-02,1,1.5714285714285714,2.1,0.0,29.4,24.7,35.1,0.0,7.6,1012.7,19.940200805664062,2024,9,2,Monday,0,0,False,False,True,False,False,1,1,36,246,0,0,0,0,0,0
2024-09-03,1,1.7142857142857142,2.1666666666666665,0.0,29.4,24.7,35.1,0.0,7.6,1012.7,19.940200805664062,2024,9,3,Tuesday,1,0,False,False,True,False,False,1,2,36,247,0,0,0,0,0,0
2024-09-04,4,1.4285714285714286,2.433333333333333,0.0,29.4,24.7,35.1,0.0,7.6,1012.7,19.940200805664062,2024,9,4,Wednesday,2,0,False,False,True,False,False,1,3,36,248,0,0,0,0,0,0
2024-09-05,2,1.2857142857142858,2.6333333333333333,0.0,29.4,24.7,35.1,0.0,7.6,1012.7,19.940200805664062,2024,9,5,Thursday,3,0,False,False,True,False,False,1,4,36,249,0,0,0,0,0,0
2024-09-06,1,1.7142857142857142,2.833333333333333,0.0,29.4,24.7,35.1,0.0,7.6,1012.7,19.940200805664062,2024,9,6,Friday,4,0,True,False,True,False,False,1,0,36,250,0,0,0,0,0,0
2024-09-07,0,2.142857142857143,3.0,0.0,29.4,24.7,35.1,0.0,7.6,1012.7,19.940200805664062,2024,9,7,Saturday,5,1,False,False,False,False,False,1,1,36,251,0,0,0,0,0,0
2024-09-08,0,1.7142857142857142,3.033333333333333,0.0,29.4,24.7,35.1,0.0,7.6,1012.7,19.940200805664062,2024,9,8,Sunday,6,1,False,False,False,False,False,1,2,36,252,0,0,0,0,0,0
2024-09-09,4,1.8571428571428568,3.066666666666667,0.0,29.4,24.7,35.1,0.0,7.6,1012.7,19.940200805664062,2024,9,9,Monday,0,0,False,False,True,False,False,1,3,37,253,0,0,0,0,0,0
2024-09-10,4,2.7142857142857144,3.2333333333333334,0.0,30.7,25.8,36.8,4.9,6.8,1017.6,19.89137077331543,2024,9,10,Tuesday,1,0,False,False,True,False,False,1,4,37,254,0,0,1,0,0,0
2024-09-11,1,3.142857142857143,3.466666666666667,0.0,27.0,22.1,33.0,0.0,3.3,1008.4,20.08941078186035,2024,9,11,Wednesday,2,0,False,False,True,False,False,1,5,37,255,0,0,0,0,0,0
2024-09-12,3,5.142857142857143,3.8,0.0,28.6,23.8,34.5,0.7,3.2,1003.6,19.795900344848636,2024,9,12,Thursday,3,0,False,False,True,False,False,1,6,37,256,0,0,1,0,0,0
2024-09-13,7,4.857142857142857,4.033333333333333,0.0,29.9,24.7,36.1,0.0,4.3,1006.3,19.52079963684082,2024,9,13,Friday,4,0,True,False,True,False,False,1,0,37,257,0,0,0,0,0,0
2024-09-14,3,4.857142857142857,4.2,0.0,28.7,23.9,34.6,0.0,9.4,1011.2,19.39793332417806,2024,9,14,Saturday,5,1,False,False,False,False,False,1,1,37,258,0,0,0,0,0,0
2024-09-15,14,5.857142857142857,4.333333333333333,0.0,27.9,22.8,34.0,0.0,10.9,1015.6,19.2750670115153,2024,9,15,Sunday,6,1,True,False,False,False,True,1,0,37,259,0,0,0,0,0,0
2024-09-16,2,6.285714285714286,4.5,0.0,28.4,23.5,34.4,0.0,10.0,1006.6,19.15220069885254,2024,9,16,Monday,0,0,False,True,False,False,False,2,1,38,260,0,0,0,0,0,0
2024-09-17,4,6.142857142857143,4.566666666666666,0.0,28.4,23.2,34.9,0.0,8.5,1012.9,19.20560073852539,2024,9,17,Tuesday,1,0,False,False,True,True,False,2,2,38,261,0,0,0,0,0,0
2024-09-18,8,6.714285714285714,4.8,0.0,30.0,25.2,35.9,0.0,9.9,1009.5,19.11553001403809,2024,9,18,Wednesday,2,0,False,False,True,False,False,2,3,38,262,0,0,0,0,0,0
2024-09-19,6,5.142857142857143,5.0,0.0,30.0,25.0,36.2,0.0,7.7,1017.4,19.24327087402344,2024,9,19,Thursday,3,0,False,False,True,False,False,2,4,38,263,0,0,0,0,0,0
2024-09-20,6,5.0,5.133333333333334,0.0,27.8,22.6,34.1,0.0,3.4,1007.9,19.299999237060547,2024,9,20,Friday,4,0,True,False,True,False,False,2,0,38,264,0,0,0,0,0,0
2024-09-21,7,5.142857142857143,5.133333333333334,0.0,30.4,25.4,36.5,0.2,10.0,1006.4,19.325519561767578,2024,9,21,Saturday,5,1,False,False,False,False,False,2,1,38,265,0,0,1,0,0,0
2024-09-22,3,5.0,5.233333333333333,0.0,28.1,23.5,33.7,0.0,11.1,1017.2,19.35103988647461,2024,9,22,Sunday,6,1,False,False,False,False,False,2,2,38,266,0,0,0,0,0,0
2024-09-23,1,5.857142857142857,5.633333333333334,0.0,28.9,24.2,34.6,0.0,11.4,1015.7,19.37656021118164,2024,9,23,Monday,0,0,False,False,True,False,False,2,3,39,267,0,0,0,0,0,0
2024-09-24,5,6.428571428571429,5.833333333333333,0.0,29.0,24.2,34.8,0.0,4.7,1019.1,19.4153995513916,2024,9,24,Tuesday,1,0,False,False,True,False,False,2,4,39,268,0,0,0,0,0,0
2024-09-25,7,6.428571428571429,5.933333333333334,0.0,27.9,23.0,33.8,0.0,10.4,1011.0,19.30820083618164,2024,9,25,Wednesday,2,0,False,False,True,False,False,2,5,39,269,0,0,0,0,0,0
2024-09-26,12,6.571428571428571,5.966666666666667,0.0,29.5,24.4,35.7,17.5,4.2,1009.8,19.63660049438477,2024,9,26,Thursday,3,0,False,False,True,False,False,2,6,39,270,0,0,1,1,0,0
2024-09-27,10,7.428571428571429,6.0,0.0,27.1,21.9,33.5,7.6,7.0,1006.1,19.61591911315918,2024,9,27,Friday,4,0,True,False,True,False,False,2,0,39,271,0,0,1,0,0,0
2024-09-28,7,7.142857142857143,6.333333333333333,0.0,29.0,24.1,35.0,0.0,5.8,1005.5,19.620779673258465,2024,9,28,Saturday,5,1,False,False,False,False,False,2,1,39,272,0,0,0,0,0,0
2024-09-29,4,7.285714285714286,6.2,0.0,29.3,24.4,35.4,0.0,9.2,1011.7,19.625640233357746,2024,9,29,Sunday,6,1,False,False,False,False,False,2,2,39,273,0,0,0,0,0,0
2024-09-30,7,6.571428571428571,6.433333333333334,0.0,29.2,24.6,34.8,0.7,7.8,1000.3,19.63050079345703,2024,9,30,Monday,0,0,True,False,True,False,False,2,0,40,274,0,1,1,0,0,0
2024-10-01,3,6.285714285714286,6.333333333333333,0.0,27.6,22.2,34.0,0.0,11.4,1010.8,19.66360092163086,2024,10,1,Tuesday,1,0,True,False,True,False,False,1,0,40,275,1,0,0,0,0,0
2024-10-02,8,5.571428571428571,6.433333333333334,0.0,26.0,20.5,32.8,0.0,7.9,1017.6,19.626440048217773,2024,10,2,Wednesday,2,0,False,False,True,False,False,1,1,40,276,0,0,0,0,0,0
2024-10-03,7,5.571428571428571,6.333333333333333,0.0,24.0,18.6,30.5,4.8,4.8,1016.7,19.40819931030273,2024,10,3,Thursday,3,0,False,False,True,False,False,1,2,40,277,0,0,1,0,0,0
2024-10-04,8,6.285714285714286,6.266666666666667,0.0,27.7,22.3,34.4,0.0,5.3,1013.1,19.33550071716309,2024,10,4,Friday,4,0,True,False,True,False,False,1,0,40,278,0,0,0,0,0,0
2024-10-05,2,6.714285714285714,6.166666666666667,0.0,25.8,19.8,33.1,0.0,9.6,1012.8,19.315893809000652,2024,10,5,Saturday,5,1,False,False,False,False,False,1,1,40,279,0,0,0,0,0,0
2024-10-06,4,6.571428571428571,6.166666666666667,0.0,25.6,20.3,32.1,0.0,5.7,1010.2,19.29628690083822,2024,10,6,Sunday,6,1,False,False,False,False,False,1,2,40,280,0,0,0,0,0,0
2024-10-07,12,6.285714285714286,6.066666666666666,0.0,25.1,19.8,31.7,0.0,5.7,1016.8,19.27667999267578,2024,10,7,Monday,0,0,False,False,True,False,False,1,3,41,281,0,0,0,0,0,0
2024-10-08,6,5.428571428571429,6.033333333333333,0.0,24.7,19.6,30.8,0.0,5.7,1005.9,19.289670944213867,2024,10,8,Tuesday,1,0,False,False,True,False,False,1,4,41,282,0,0,0,0,0,0
2024-10-09,7,7.0,6.233333333333333,0.0,24.3,18.7,31.2,0.0,4.5,1014.5,19.345399856567383,2024,10,9,Wednesday,2,0,False,False,True,False,False,1,5,41,283,0,0,0,0,0,0
2024-10-10,5,6.857142857142857,6.266666666666667,0.0,26.2,21.1,32.6,7.1,3.5,1004.8,19.467449188232425,2024,10,10,Thursday,3,0,False,False,True,False,False,1,6,41,284,0,0,1,0,0,0
2024-10-11,2,6.571428571428571,6.4,0.0,27.2,21.3,34.3,0.0,4.6,1007.4,19.438400268554688,2024,10,11,Friday,4,0,True,False,True,False,False,1,0,41,285,0,0,0,0,0,0
2024-10-12,13,7.285714285714286,6.466666666666667,0.0,25.6,20.3,32.0,0.0,5.7,1010.6,19.392113367716473,2024,10,12,Saturday,5,1,False,False,False,False,False,1,1,41,286,0,0,0,0,0,0
2024-10-13,3,7.0,6.566666666666666,0.0,26.4,21.2,32.8,0.0,9.9,1014.2,19.345826466878254,2024,10,13,Sunday,6,1,False,False,False,False,False,1,2,41,287,0,0,0,0,0,0
2024-10-14,10,6.428571428571429,6.433333333333334,0.0,27.8,22.3,34.5,0.0,3.2,1014.3,19.29953956604004,2024,10,14,Monday,0,0,False,False,True,False,False,1,3,42,288,0,0,0,0,0,0
2024-10-15,11,7.0,6.4,0.0,26.2,20.4,33.3,0.0,9.4,1011.4,19.425949096679688,2024,10,15,Tuesday,1,0,True,False,True,False,False,1,0,42,289,0,0,0,0,0,0
2024-10-16,5,5.571428571428571,6.233333333333333,0.0,25.1,19.9,31.4,0.0,3.2,1009.1,19.69510078430176,2024,10,16,Wednesday,2,0,False,False,True,False,False,2,1,42,290,0,0,0,0,0,0
2024-10-17,1,6.0,6.166666666666667,0.0,26.3,21.0,32.7,0.0,6.7,1008.7,19.898700714111328,2024,10,17,Thursday,3,0,False,False,True,False,False,2,2,42,291,0,0,0,0,0,0
2024-10-18,6,5.142857142857143,5.933333333333334,0.0,25.3,20.2,31.5,0.0,7.3,1017.7,19.81681060791016,2024,10,18,Friday,4,0,True,False,True,False,False,2,0,42,292,0,0,0,0,0,0
2024-10-19,3,3.857142857142857,5.766666666666667,0.0,26.6,21.0,33.4,0.0,6.3,1016.5,19.834060668945316,2024,10,19,Saturday,5,1,False,False,False,False,False,2,1,42,293,0,0,0,0,0,0
2024-10-20,6,4.142857142857143,5.733333333333333,0.0,25.1,19.7,31.9,0.0,3.6,1008.2,19.85131072998047,2024,10,20,Sunday,6,1,False,False,False,False,False,2,2,42,294,0,0,0,0,0,0
2024-10-21,4,4.857142857142857,5.733333333333333,0.0,24.5,18.8,31.4,0.0,7.2,1016.2,19.868560791015625,2024,10,21,Monday,0,0,False,False,True,False,False,2,3,43,295,0,0,0,0,0,0
2024-10-22,2,5.571428571428571,5.733333333333333,0.0,27.1,21.9,33.4,0.0,4.1,1011.5,19.96080017089844,2024,10,22,Tuesday,1,0,False,False,True,False,False,2,4,43,296,0,0,0,0,0,0
2024-10-23,7,7.142857142857143,5.433333333333334,0.0,26.3,20.9,32.9,0.0,3.8,1010.4,19.936199188232425,2024,10,23,Wednesday,2,0,False,False,True,False,False,2,5,43,297,0,0,0,0,0,0
2024-10-24,6,8.142857142857142,5.333333333333333,0.0,26.7,20.9,33.8,0.0,5.0,1010.6,19.832460403442383,2024,10,24,Thursday,3,0,False,False,True,False,False,2,6,43,298,0,0,0,0,0,0
2024-10-25,11,8.0,5.266666666666667,0.0,25.3,20.3,31.5,0.0,11.7,1005.5,19.81419944763184,2024,10,25,Friday,4,0,True,False,True,False,False,2,0,43,299,0,0,0,0,0,0
2024-10-26,14,8.142857142857142,5.233333333333333,0.0,24.5,19.2,31.0,0.0,5.6,1015.8,19.858322779337566,2024,10,26,Saturday,5,1,False,False,False,False,False,2,1,43,300,0,0,0,0,0,0
2024-10-27,13,7.428571428571429,5.4,0.0,27.0,22.0,33.1,0.0,7.8,1010.0,19.902446111043297,2024,10,27,Sunday,6,1,False,False,False,False,False,2,2,43,301,0,0,0,0,0,0
2024-10-28,3,6.714285714285714,5.133333333333334,0.0,27.1,21.6,33.8,0.0,9.7,1024.2,19.946569442749023,2024,10,28,Monday,0,0,False,False,True,False,False,2,3,44,302,0,0,0,0,0,0
2024-10-29,3,5.285714285714286,5.266666666666667,0.0,25.2,19.5,32.0,0.0,10.3,1006.6,20.02873992919922,2024,10,29,Tuesday,1,0,False,False,True,False,False,2,4,44,303,0,0,0,0,0,0
2024-10-30,2,3.571428571428572,5.4,0.0,27.2,21.9,33.7,0.0,6.7,1006.8,20.05377960205078,2024,10,30,Wednesday,2,0,False,False,True,False,False,2,5,44,304,0,0,0,0,0,0
2024-10-31,1,2.7142857142857144,5.233333333333333,0.0,26.2,20.8,32.7,0.0,6.8,1024.2,20.1639404296875,2024,10,31,Thursday,3,0,True,False,True,False,False,2,0,44,305,0,1,0,0,0,0
2024-11-01,1,2.571428571428572,5.133333333333334,0.0,21.9,16.9,27.9,0.0,10.2,1012.1,20.050689697265625,2024,11,1,Friday,4,0,True,False,True,False,True,1,0,44,306,1,0,0,0,0,0
2024-11-02,2,2.7142857142857144,5.2,0.0,21.2,16.2,27.3,0.0,10.9,998.4,20.061066309611004,2024,11,2,Saturday,5,1,False,True,False,False,False,1,1,44,307,0,0,0,0,0,0
2024-11-03,7,2.857142857142857,5.1,0.0,22.7,17.1,29.6,4.0,4.0,1012.5,20.071442921956383,2024,11,3,Sunday,6,1,False,False,False,True,False,1,2,44,308,0,0,1,0,0,0
2024-11-04,2,3.142857142857143,5.133333333333334,0.0,22.6,17.1,29.3,0.0,7.4,1017.2,20.08181953430176,2024,11,4,Monday,0,0,False,False,True,False,False,1,3,45,309,0,0,0,0,0,0
2024-11-05,4,3.7142857142857135,5.166666666666667,0.0,22.5,16.9,29.4,0.0,8.5,1008.6,20.093900680541992,2024,11,5,Tuesday,1,0,False,False,True,False,False,1,4,45,310,0,0,0,0,0,0
2024-11-06,3,4.0,5.2,0.0,19.8,14.8,25.9,0.0,7.2,1014.2,20.13159942626953,2024,11,6,Wednesday,2,0,False,False,True,False,False,1,5,45,311,0,0,0,0,0,0
2024-11-07,3,4.0,5.333333333333333,0.0,21.6,16.5,27.8,0.0,4.5,1013.6,20.16700935363769,2024,11,7,Thursday,3,0,False,False,True,False,False,1,6,45,312,0,0,0,0,0,0
2024-11-08,5,4.428571428571429,5.333333333333333,0.0,22.2,17.1,28.4,0.0,8.6,1012.4,19.793569564819336,2024,11,8,Friday,4,0,True,False,True,False,False,1,0,45,313,0,0,0,0,0,0
2024-11-09,4,4.857142857142857,5.333333333333333,0.0,22.2,16.6,29.0,0.0,10.0,1007.3,19.908246358235676,2024,11,9,Saturday,5,1,False,False,False,False,False,1,1,45,314,0,0,0,0,0,0
2024-11-10,7,6.428571428571429,5.366666666666666,0.0,20.5,15.0,27.3,0.0,5.8,1020.4,20.02292315165202,2024,11,10,Sunday,6,1,False,False,False,False,False,1,2,45,315,0,0,0,0,0,0
2024-11-11,5,6.857142857142857,5.0,0.0,22.5,17.0,29.3,0.0,3.7,1015.0,20.13759994506836,2024,11,11,Monday,0,0,False,False,True,False,False,1,3,46,316,0,0,0,0,0,0
2024-11-12,7,6.428571428571429,4.833333333333333,0.0,23.1,17.9,29.4,0.0,8.2,1015.0,20.339500427246094,2024,11,12,Tuesday,1,0,False,False,True,False,False,1,4,46,317,0,0,0,0,0,0
2024-11-13,14,6.285714285714286,4.966666666666667,0.0,20.2,14.6,27.1,0.0,4.3,1005.2,20.58270072937012,2024,11,13,Wednesday,2,0,False,False,True,False,False,1,5,46,318,0,0,0,0,0,0
2024-11-14,6,5.714285714285714,5.333333333333333,0.0,22.2,16.8,28.8,0.0,8.9,1011.7,20.518400192260746,2024,11,14,Thursday,3,0,False,False,True,False,False,1,6,46,319,0,0,0,0,0,0
2024-11-15,2,5.571428571428571,5.533333333333333,0.0,21.0,15.4,27.9,0.0,6.6,1016.3,20.438600540161133,2024,11,15,Friday,4,0,True,False,True,False,False,1,0,46,320,0,0,0,0,0,0
2024-11-16,3,5.571428571428571,5.866666666666666,0.0,22.2,16.4,29.2,0.0,11.0,1012.2,20.411123911539715,2024,11,16,Saturday,5,1,False,False,False,False,False,2,1,46,321,0,0,0,0,0,0
2024-11-17,3,4.285714285714286,5.9,0.0,20.9,15.6,27.5,0.0,4.5,1012.2,20.383647282918293,2024,11,17,Sunday,6,1,False,False,False,False,True,2,2,46,322,0,0,0,0,0,0
2024-11-18,4,4.285714285714286,6.166666666666667,0.0,22.1,16.6,28.8,0.0,8.8,1011.2,20.356170654296875,2024,11,18,Monday,0,0,False,True,False,False,False,2,3,47,323,0,0,0,0,0,0
2024-11-19,7,5.0,6.233333333333333,0.0,22.0,16.8,28.4,1.8,7.8,1004.7,20.213289260864254,2024,11,19,Tuesday,1,0,False,False,True,True,False,2,4,47,324,0,0,1,0,0,0
2024-11-20,5,5.428571428571429,6.6,0.0,23.8,18.6,30.3,0.0,9.8,1015.0,20.10972023010254,2024,11,20,Wednesday,2,0,False,False,True,False,False,2,5,47,325,0,0,0,0,0,0
2024-11-21,6,6.714285714285714,6.5,0.0,23.2,17.8,29.8,0.0,3.3,1013.0,20.274620056152344,2024,11,21,Thursday,3,0,False,False,True,False,False,2,6,47,326,0,0,0,0,0,0
2024-11-22,7,6.571428571428571,6.6,0.0,23.7,18.4,30.2,0.0,7.2,1016.9,20.414119720458984,2024,11,22,Friday,4,0,True,False,True,False,False,2,0,47,327,0,0,0,0,0,0
2024-11-23,6,6.714285714285714,6.6,0.0,21.2,16.0,27.6,8.4,9.7,1012.2,20.39302635192871,2024,11,23,Saturday,5,1,False,False,False,False,False,2,1,47,328,0,0,1,0,0,0
2024-11-24,12,7.0,6.466666666666667,0.0,20.1,14.4,27.0,8.8,9.7,1005.9,20.371932983398438,2024,11,24,Sunday,6,1,False,False,False,False,False,2,2,47,329,0,0,1,0,0,0
2024-11-25,3,8.142857142857142,6.466666666666667,0.0,20.6,15.3,27.2,0.0,3.1,1019.3,20.350839614868164,2024,11,25,Monday,0,0,False,False,True,False,False,2,3,48,330,0,0,0,0,0,0
2024-11-26,8,8.285714285714286,6.3,0.0,21.1,15.5,27.8,0.0,8.5,1020.7,20.580469131469727,2024,11,26,Tuesday,1,0,False,False,True,False,False,2,4,48,331,0,0,0,0,0,0
2024-11-27,7,9.0,6.366666666666666,0.0,22.1,16.7,28.8,0.0,11.4,1014.9,20.65250015258789,2024,11,27,Wednesday,2,0,False,False,True,False,False,2,5,48,332,0,0,0,0,0,0
2024-11-28,14,7.571428571428571,6.5,0.0,23.7,18.2,30.4,1.8,6.3,1010.8,20.598169326782227,2024,11,28,Thursday,3,0,False,False,True,False,False,2,6,48,333,0,0,1,0,0,0
2024-11-29,8,8.571428571428571,6.2,0.0,22.0,16.6,28.6,0.0,10.4,1011.2,20.436199188232425,2024,11,29,Friday,4,0,True,False,True,False,False,2,0,48,334,0,0,0,0,0,0
2024-11-30,11,8.714285714285714,6.266666666666667,0.0,22.5,16.8,29.4,0.0,9.5,1010.7,20.41700299580892,2024,11,30,Saturday,5,1,True,False,False,False,False,2,0,48,335,0,1,0,0,0,0
2024-12-01,2,9.571428571428571,6.333333333333333,0.0,19.9,14.6,26.5,0.0,5.1,1011.4,20.39780680338542,2024,12,1,Sunday,6,1,True,False,False,False,False,1,0,48,336,1,0,0,0,0,0
2024-12-02,10,7.714285714285714,6.233333333333333,0.0,18.6,13.1,25.3,0.0,3.4,1004.3,20.378610610961918,2024,12,2,Monday,0,0,False,False,True,False,False,1,1,49,337,0,0,0,0,0,1
2024-12-03,9,7.428571428571429,6.2,0.0,19.2,14.0,25.5,0.0,7.1,1007.9,20.40690040588379,2024,12,3,Tuesday,1,0,False,False,True,False,False,1,2,49,338,0,0,0,0,0,1
2024-12-04,13,6.285714285714286,6.2,0.0,17.9,12.4,24.6,0.0,7.7,1013.6,20.30389976501465,2024,12,4,Wednesday,2,0,False,False,True,False,False,1,3,49,339,0,0,0,0,0,1
2024-12-05,1,6.142857142857143,6.333333333333333,0.0,17.0,11.4,23.7,0.0,5.4,1008.1,20.308639526367188,2024,12,5,Thursday,3,0,False,False,True,False,False,1,4,49,340,0,0,0,0,0,1
2024-12-06,6,5.285714285714286,6.266666666666667,0.0,19.3,13.9,25.8,0.0,11.5,1014.4,20.19179916381836,2024,12,6,Friday,4,0,True,False,True,False,False,1,0,49,341,0,0,0,0,0,1
2024-12-07,3,4.285714285714286,6.433333333333334,0.0,19.1,13.8,25.5,0.0,5.9,1002.1,20.184832890828453,2024,12,7,Saturday,5,1,False,False,False,False,False,1,1,49,342,0,0,0,0,0,1
2024-12-08,1,3.4285714285714284,6.3,0.0,19.2,14.0,25.6,0.0,6.8,1012.8,20.177866617838543,2024,12,8,Sunday,6,1,False,False,False,False,False,1,2,49,343,0,0,0,0,0,1
2024-12-09,4,4.857142857142857,6.233333333333333,0.0,20.1,14.8,26.5,0.0,3.2,1008.6,20.170900344848636,2024,12,9,Monday,0,0,False,False,True,False,False,1,3,50,344,0,0,0,0,0,0
2024-12-10,2,4.714285714285714,5.866666666666666,0.0,20.5,15.3,26.8,0.0,8.4,1011.8,20.245899200439453,2024,12,10,Tuesday,1,0,False,False,True,False,False,1,4,50,345,0,0,0,0,0,0
2024-12-11,7,5.428571428571429,5.8,0.0,19.0,13.6,25.6,0.0,7.0,1012.7,20.1607608795166,2024,12,11,Wednesday,2,0,False,False,True,False,False,1,5,50,346,0,0,0,0,0,1
2024-12-12,11,5.857142857142857,5.8,0.0,18.1,12.9,24.4,0.0,9.8,1017.7,20.114200592041016,2024,12,12,Thursday,3,0,False,False,True,False,False,1,6,50,347,0,0,0,0,0,1
2024-12-13,5,5.285714285714286,5.733333333333333,0.0,18.3,13.2,24.5,0.0,11.8,1019.7,20.19109916687012,2024,12,13,Friday,4,0,True,False,True,False,False,1,0,50,348,0,0,0,0,0,1
2024-12-14,8,5.285714285714286,5.466666666666667,0.0,17.4,12.0,24.0,0.0,5.7,1005.5,20.16253916422526,2024,12,14,Saturday,5,1,False,False,False,False,False,1,1,50,349,0,0,0,0,0,1
2024-12-15,4,4.857142857142857,5.333333333333333,0.0,20.7,15.4,27.2,0.0,5.5,1010.2,20.133979161580406,2024,12,15,Sunday,6,1,True,False,False,False,False,1,0,50,350,0,0,0,0,0,0
2024-12-16,0,4.857142857142857,5.2,0.0,17.9,12.6,24.4,0.0,11.9,1023.9,20.105419158935547,2024,12,16,Monday,0,0,False,False,True,False,False,2,1,51,351,0,0,0,0,0,1
2024-12-17,2,4.571428571428571,5.366666666666666,0.0,19.2,13.5,26.1,0.0,3.9,1010.9,20.133819580078125,2024,12,17,Tuesday,1,0,False,False,True,False,False,2,2,51,352,0,0,0,0,0,1
2024-12-18,4,5.0,5.2,0.0,17.4,12.1,23.9,0.0,9.1,1007.7,20.17374992370605,2024,12,18,Wednesday,2,0,False,False,True,False,False,2,3,51,353,0,0,0,0,0,1
2024-12-19,11,4.857142857142857,5.1,0.0,19.2,13.4,26.3,0.0,10.2,1013.8,20.37470054626465,2024,12,19,Thursday,3,0,False,False,True,False,False,2,4,51,354,0,0,0,0,0,1
2024-12-20,3,5.428571428571429,4.933333333333334,0.0,18.7,13.7,24.9,0.0,4.3,1015.3,20.333999633789062,2024,12,20,Friday,4,0,True,False,True,False,False,2,0,51,355,0,0,0,0,0,1
2024-12-21,11,5.285714285714286,5.1,0.0,17.4,12.0,24.0,0.0,7.6,1001.2,20.243810017903645,2024,12,21,Saturday,5,1,False,False,False,False,False,2,1,51,356,0,0,0,0,0,1
2024-12-22,3,4.857142857142857,5.0,0.0,18.0,12.4,24.9,0.0,9.2,1008.5,20.153620402018227,2024,12,22,Sunday,6,1,False,False,False,False,False,2,2,51,357,0,0,0,0,0,1
2024-12-23,4,4.428571428571429,5.066666666666666,0.0,18.1,12.6,24.9,0.0,9.3,1013.4,20.06343078613281,2024,12,23,Monday,0,0,False,False,True,False,False,2,3,52,358,0,0,0,0,0,1
2024-12-24,1,4.714285714285714,5.233333333333333,0.0,19.4,13.8,26.2,0.0,6.9,1019.1,20.169300079345703,2024,12,24,Tuesday,1,0,False,False,True,False,True,2,4,52,359,0,0,0,0,0,1
2024-12-25,1,4.0,5.233333333333333,0.0,19.7,14.3,26.3,0.0,6.8,1006.2,20.15379905700684,2024,12,25,Wednesday,2,0,False,True,False,False,False,2,5,52,360,0,0,0,0,0,0
2024-12-26,8,4.142857142857143,5.333333333333333,0.0,19.3,14.1,25.7,0.0,6.7,1018.9,20.156639099121094,2024,12,26,Thursday,3,0,False,False,True,True,False,2,6,52,361,0,0,0,0,0,0
2024-12-27,5,4.571428571428571,5.2,0.0,19.0,13.7,25.5,0.0,3.7,1013.3,20.20479965209961,2024,12,27,Friday,4,0,True,False,True,False,False,2,0,52,362,0,0,0,0,0,1
2024-12-28,6,5.428571428571429,4.933333333333334,0.0,19.3,14.0,25.8,0.0,9.8,1019.4,20.240922927856445,2024,12,28,Saturday,5,1,False,False,False,False,False,2,1,52,363,0,0,0,0,0,1
2024-12-29,4,6.0,4.9,0.0,18.1,12.7,24.7,0.0,10.6,1019.9,20.277046203613285,2024,12,29,Sunday,6,1,False,False,False,False,False,2,2,52,364,0,0,0,0,0,1
2024-12-30,7,5.714285714285714,4.833333333333333,0.0,19.2,13.7,25.9,0.0,8.3,1001.3,20.31316947937012,2024,12,30,Monday,0,0,False,False,True,False,False,2,3,1,365,0,0,0,0,0,1
2024-12-31,7,6.142857142857143,4.8,0.0,18.8,13.6,25.2,0.0,10.9,1006.2,20.632200241088867,2024,12,31,Tuesday,1,0,True,False,True,False,True,2,0,1,366,0,1,0,0,0,1
2025-01-01,5,6.142857142857143,4.833333333333333,31.0,20.1,15.3,26.0,0.5,4.3,1006.5,20.731220245361328,2025,1,1,Wednesday,2,0,True,True,False,False,False,1,0,1,1,1,0,1,0,0,0
2025-01-02,6,6.0,4.933333333333334,10.0,18.1,13.1,24.1,0.0,6.9,1003.0,20.83024024963379,2025,1,2,Thursday,3,0,False,False,True,True,False,1,1,1,2,0,0,0,0,0,1
2025-01-03,8,5.714285714285714,4.9,26.0,20.3,15.2,26.5,0.0,7.6,1010.6,20.59289932250977,2025,1,3,Friday,4,0,True,False,True,False,False,1,0,1,3,0,0,0,0,0,0
2025-01-04,6,5.571428571428571,4.7,19.0,18.6,13.5,24.7,0.0,9.4,1007.0,20.6019827524821,2025,1,4,Saturday,5,1,False,False,False,False,False,1,1,1,4,0,0,0,0,0,1
2025-01-05,3,5.428571428571429,5.0,3.0,18.9,14.1,24.9,0.0,11.3,1024.2,20.61106618245443,2025,1,5,Sunday,6,1,False,False,False,False,False,1,2,1,5,0,0,0,0,0,0
2025-01-06,5,5.285714285714286,4.733333333333333,11.0,18.2,13.1,24.4,0.0,3.4,1013.1,20.62014961242676,2025,1,6,Monday,0,0,False,False,True,False,False,1,3,2,6,0,0,0,0,0,1
2025-01-07,6,4.571428571428571,4.7,22.0,20.2,15.3,26.1,0.0,7.8,1008.1,20.32080078125,2025,1,7,Tuesday,1,0,False,False,True,False,False,1,4,2,7,0,0,0,0,0,0
2025-01-08,4,4.142857142857143,4.666666666666667,17.0,18.6,13.4,24.9,0.0,3.1,1002.3,20.32733917236328,2025,1,8,Wednesday,2,0,False,False,True,False,False,1,5,2,8,0,0,0,0,0,1
2025-01-09,5,4.285714285714286,4.933333333333334,33.0,18.5,13.6,24.5,0.0,4.2,1010.1,20.41095924377441,2025,1,9,Thursday,3,0,False,False,True,False,False,1,6,2,9,0,0,0,0,0,1
2025-01-10,3,4.428571428571429,5.0,21.0,19.8,14.7,26.1,0.0,5.0,1015.1,20.5063591003418,2025,1,10,Friday,4,0,True,False,True,False,False,1,0,2,10,0,0,0,0,0,0
2025-01-11,3,4.0,4.733333333333333,33.0,20.2,15.4,26.2,0.0,7.4,1012.0,20.57150268554688,2025,1,11,Saturday,5,1,False,False,False,False,False,1,1,2,11,0,0,0,0,0,0
2025-01-12,4,3.571428571428572,4.733333333333333,6.0,19.0,14.2,24.8,0.0,7.8,1015.8,20.636646270751953,2025,1,12,Sunday,6,1,False,False,False,False,False,1,2,2,12,0,0,0,0,0,0
2025-01-13,6,3.571428571428572,4.666666666666667,14.0,17.8,12.7,24.0,0.0,11.7,1011.8,20.70178985595703,2025,1,13,Monday,0,0,False,False,True,False,False,1,3,3,13,0,0,0,0,0,1
2025-01-14,3,3.571428571428572,4.633333333333334,35.0,20.1,15.1,26.1,0.0,3.1,1012.9,20.61046028137207,2025,1,14,Tuesday,1,0,False,False,True,False,False,1,4,3,14,0,0,0,0,0,0
2025-01-15,1,3.857142857142857,4.566666666666666,24.0,18.2,13.2,24.3,0.0,6.3,1013.2,20.503999710083008,2025,1,15,Wednesday,2,0,True,False,True,False,False,1,0,3,15,0,0,0,0,0,1
2025-01-16,5,5.0,4.433333333333334,24.0,18.6,14.0,24.3,0.0,3.4,1005.8,20.455310821533203,2025,1,16,Thursday,3,0,False,False,True,False,False,2,1,3,16,0,0,0,0,0,1
2025-01-17,3,4.571428571428571,4.566666666666666,28.0,18.8,14.2,24.3,0.0,3.6,1015.1,20.83272933959961,2025,1,17,Friday,4,0,True,False,True,False,False,2,0,3,17,0,0,0,0,0,0
2025-01-18,5,4.428571428571429,4.466666666666667,18.0,18.6,13.1,25.2,0.0,4.6,1014.2,20.81891632080078,2025,1,18,Saturday,5,1,False,False,False,False,False,2,1,3,18,0,0,0,0,0,1
2025-01-19,12,4.714285714285714,4.266666666666667,9.0,18.7,13.8,24.7,0.0,4.2,1009.0,20.805103302001953,2025,1,19,Sunday,6,1,False,False,False,False,False,2,2,3,19,0,0,0,0,0,1
2025-01-20,3,5.285714285714286,4.1,26.0,19.4,14.4,25.5,0.0,10.3,1013.8,20.791290283203125,2025,1,20,Monday,0,0,False,False,True,False,False,2,3,4,20,0,0,0,0,0,0
2025-01-21,2,5.285714285714286,4.066666666666666,30.0,18.4,13.5,24.5,0.0,3.2,1017.2,20.49724006652832,2025,1,21,Tuesday,1,0,False,False,True,False,False,2,4,4,21,0,0,0,0,0,1
2025-01-22,3,4.571428571428571,4.166666666666667,30.0,18.4,13.8,24.1,0.0,10.7,1009.5,20.66119956970215,2025,1,22,Wednesday,2,0,False,False,True,False,False,2,5,4,22,0,0,0,0,0,1
2025-01-23,9,3.571428571428572,4.233333333333333,16.0,19.2,14.2,25.2,0.0,5.5,1015.5,20.48710060119629,2025,1,23,Thursday,3,0,False,False,True,False,False,2,6,4,23,0,0,0,0,0,0
2025-01-24,3,3.7142857142857135,4.266666666666667,26.0,19.8,15.1,25.7,0.0,5.8,1010.4,20.37883949279785,2025,1,24,Friday,4,0,True,False,True,False,False,2,0,4,24,0,0,0,0,0,0
2025-01-25,0,3.857142857142857,4.3,10.0,18.7,13.5,25.1,0.0,4.7,1007.2,20.398216247558594,2025,1,25,Saturday,5,1,False,False,False,False,False,2,1,4,25,0,0,0,0,0,1
2025-01-26,5,4.142857142857143,4.466666666666667,20.0,18.7,14.2,24.2,0.0,10.1,1010.9,20.41759300231934,2025,1,26,Sunday,6,1,False,False,False,False,False,2,2,4,26,0,0,0,0,0,0
2025-01-27,4,3.2857142857142856,4.4,19.0,19.8,14.9,25.8,0.0,10.8,1013.1,20.43696975708008,2025,1,27,Monday,0,0,False,False,True,False,False,2,3,5,27,0,0,0,0,0,0
2025-01-28,3,4.142857142857143,4.266666666666667,33.0,18.9,13.6,25.5,0.0,6.6,1012.3,20.7283992767334,2025,1,28,Tuesday,1,0,False,False,True,False,False,2,4,5,28,0,0,0,0,0,1
2025-01-29,5,4.571428571428571,4.166666666666667,25.0,18.1,13.0,24.3,0.0,9.9,1021.6,20.540000915527344,2025,1,29,Wednesday,2,0,False,False,True,False,False,2,5,5,29,0,0,0,0,0,1
2025-01-30,3,4.142857142857143,4.233333333333333,24.0,17.2,11.9,23.7,0.0,4.5,1011.5,20.50180053710937,2025,1,30,Thursday,3,0,False,False,True,False,False,2,6,5,30,0,0,0,0,0,1
2025-01-31,9,3.7142857142857135,4.333333333333333,12.0,18.1,13.2,24.0,0.0,3.6,1012.4,20.674470901489254,2025,1,31,Friday,4,0,True,False,True,False,False,2,0,5,31,0,1,0,0,0,1
2025-02-01,3,3.571428571428572,4.166666666666667,11.0,20.7,15.0,27.5,0.0,11.6,1015.9,20.83944702148437,2025,2,1,Saturday,5,1,True,False,False,False,False,1,0,5,32,1,0,0,0,0,0
2025-02-02,2,4.0,4.3,8.0,20.7,15.6,26.8,0.0,5.3,1010.9,21.004423141479492,2025,2,2,Sunday,6,1,False,False,False,False,True,1,1,5,33,0,0,0,0,0,0
2025-02-03,1,4.714285714285714,4.533333333333333,3.0,21.2,16.0,27.6,4.1,6.8,1008.2,21.16939926147461,2025,2,3,Monday,0,0,False,True,False,False,False,1,2,6,34,0,0,1,0,0,0
2025-02-04,2,4.142857142857143,4.3,8.0,19.1,13.8,25.6,0.0,5.5,1004.9,20.385129928588867,2025,2,4,Tuesday,1,0,False,False,True,True,False,1,3,6,35,0,0,0,0,0,1
2025-02-05,8,4.571428571428571,4.333333333333333,24.0,21.7,15.9,28.7,0.0,4.3,1009.4,20.512420654296875,2025,2,5,Wednesday,2,0,False,False,True,False,False,1,4,6,36,0,0,0,0,0,0
2025-02-06,8,5.428571428571429,4.433333333333334,18.0,20.9,15.4,27.7,0.0,8.2,1019.6,20.57372093200684,2025,2,6,Thursday,3,0,False,False,True,False,False,1,5,6,37,0,0,0,0,0,0
2025-02-07,5,5.428571428571429,4.5,28.0,22.0,16.7,28.5,0.0,9.3,1018.4,20.44339942932129,2025,2,7,Friday,4,0,True,False,True,False,False,1,0,6,38,0,0,0,0,0,0
2025-02-08,6,5.142857142857143,4.366666666666666,20.0,22.4,17.0,29.1,0.0,4.1,1015.0,20.495702743530273,2025,2,8,Saturday,5,1,False,False,False,False,False,1,1,6,39,0,0,0,0,0,0
2025-02-09,8,4.428571428571429,4.5,9.0,20.4,15.0,27.0,0.0,5.6,1002.8,20.548006057739254,2025,2,9,Sunday,6,1,False,False,False,False,False,1,2,6,40,0,0,0,0,0,0
2025-02-10,1,4.0,4.7,11.0,20.7,15.3,27.4,0.0,8.4,1014.8,20.60030937194824,2025,2,10,Monday,0,0,False,False,True,False,False,1,3,7,41,0,0,0,0,0,0
2025-02-11,0,3.857142857142857,4.566666666666666,23.0,21.5,16.1,28.1,0.0,8.4,1010.8,20.624610900878903,2025,2,11,Tuesday,1,0,False,False,True,False,False,1,4,7,42,0,0,0,0,0,0
2025-02-12,3,3.0,4.566666666666666,44.0,21.3,16.1,27.6,0.0,5.2,1016.3,20.546720504760746,2025,2,12,Wednesday,2,0,False,False,True,False,False,1,5,7,43,0,0,0,0,0,0
2025-02-13,5,2.857142857142857,4.566666666666666,30.0,20.2,14.6,27.2,0.0,8.5,1004.7,20.54348945617676,2025,2,13,Thursday,3,0,False,False,True,False,False,1,6,7,44,0,0,0,0,0,0
2025-02-14,4,4.428571428571429,4.533333333333333,0.0,21.0,15.6,27.7,0.0,3.7,1005.6,20.415189743041992,2025,2,14,Friday,4,0,True,False,True,False,False,1,0,7,45,0,0,0,0,0,0
2025-02-15,0,5.142857142857143,4.5,0.0,21.6,15.9,28.5,0.0,9.8,1014.1,20.38092295328776,2025,2,15,Saturday,5,1,True,False,False,False,False,1,0,7,46,0,0,0,0,0,0
2025-02-16,7,5.285714285714286,4.333333333333333,53.0,20.2,14.5,27.1,0.0,10.2,1006.7,20.346656163533527,2025,2,16,Sunday,6,1,False,False,False,False,False,2,1,7,47,0,0,0,0,0,0
2025-02-17,12,5.285714285714286,4.5,13.0,20.0,14.8,26.3,0.0,5.9,1011.2,20.312389373779297,2025,2,17,Monday,0,0,False,False,True,False,False,2,2,8,48,0,0,0,0,0,0
2025-02-18,5,5.428571428571429,4.5,25.0,20.0,14.7,26.3,0.0,11.0,1015.3,20.272600173950195,2025,2,18,Tuesday,1,0,False,False,True,False,False,2,3,8,49,0,0,0,0,0,0
2025-02-19,4,6.142857142857143,4.6,23.0,19.4,14.0,26.0,0.0,6.6,1019.1,20.23780059814453,2025,2,19,Wednesday,2,0,False,False,True,False,False,2,4,8,50,0,0,0,0,0,1
2025-02-20,5,6.142857142857143,4.7,34.0,20.7,15.3,27.3,0.0,8.8,1012.5,20.45240020751953,2025,2,20,Thursday,3,0,False,False,True,False,False,2,5,8,51,0,0,0,0,0,0
2025-02-21,5,5.285714285714286,4.5,18.0,21.5,16.4,27.8,0.0,8.6,1012.1,20.29400062561035,2025,2,21,Friday,4,0,True,False,True,False,False,2,0,8,52,0,0,0,0,0,0
2025-02-22,5,4.714285714285714,4.3,0.0,21.2,15.5,28.1,0.0,6.2,1017.0,20.323610305786133,2025,2,22,Saturday,5,1,False,False,False,False,False,2,1,8,53,0,0,0,0,0,0
2025-02-23,7,4.714285714285714,4.266666666666667,0.0,19.1,14.0,25.5,0.0,7.7,1015.1,20.35321998596191,2025,2,23,Sunday,6,1,False,False,False,False,False,2,2,8,54,0,0,0,0,0,1
2025-02-24,6,4.428571428571429,4.2,34.0,19.4,14.0,25.9,0.0,5.6,1013.3,20.38282966613769,2025,2,24,Monday,0,0,False,False,True,False,False,2,3,9,55,0,0,0,0,0,1
2025-02-25,1,4.285714285714286,4.033333333333333,21.0,20.0,14.4,26.7,0.0,10.3,1010.7,20.48111915588379,2025,2,25,Tuesday,1,0,False,False,True,False,False,2,4,9,56,0,0,0,0,0,0
2025-02-26,4,3.857142857142857,4.166666666666667,28.0,20.9,15.5,27.4,0.0,5.8,1019.6,20.45750999450684,2025,2,26,Wednesday,2,0,False,False,True,False,False,2,5,9,57,0,0,0,0,0,0
2025-02-27,3,3.4285714285714284,4.266666666666667,20.0,20.2,15.3,26.3,0.0,3.7,1003.5,20.394800186157227,2025,2,27,Thursday,3,0,False,False,True,False,False,2,6,9,58,0,0,0,0,0,0
2025-02-28,4,3.7142857142857135,4.333333333333333,25.0,19.3,13.8,26.1,0.0,8.1,1015.2,20.457599639892575,2025,2,28,Friday,4,0,True,False,True,False,False,2,0,9,59,0,1,0,0,0,1
2025-03-01,2,3.857142857142857,4.4,35.0,23.6,17.9,30.6,0.0,9.0,1002.1,20.476549784342446,2025,3,1,Saturday,5,1,True,False,False,False,False,1,0,9,60,1,0,0,0,0,0
2025-03-02,4,3.857142857142857,4.433333333333334,7.0,24.1,18.1,31.3,0.0,7.5,1013.0,20.495499928792317,2025,3,2,Sunday,6,1,False,False,False,False,False,1,1,9,61,0,0,0,0,0,0
2025-03-03,8,4.142857142857143,4.6,4.0,24.5,18.8,31.5,0.0,6.7,1004.9,20.514450073242188,2025,3,3,Monday,0,0,False,False,True,False,False,1,2,10,62,0,0,0,0,0,0
2025-03-04,2,3.857142857142857,4.433333333333334,25.0,22.4,16.3,29.8,0.0,7.7,1012.0,20.72570037841797,2025,3,4,Tuesday,1,0,False,False,True,False,False,1,3,10,63,0,0,0,0,0,0
2025-03-05,4,3.857142857142857,4.2,0.0,25.6,20.2,32.2,0.0,7.0,1002.5,20.530500411987305,2025,3,5,Wednesday,2,0,False,False,True,False,False,1,4,10,64,0,0,0,0,0,0
2025-03-06,5,3.857142857142857,4.166666666666667,0.0,23.7,17.9,30.7,0.0,4.5,1017.1,20.402780532836918,2025,3,6,Thursday,3,0,False,False,True,False,False,1,5,10,65,0,0,0,0,0,0
2025-03-07,2,3.2857142857142856,4.233333333333333,0.0,25.9,20.3,32.8,0.0,5.3,1013.7,20.27794075012207,2025,3,7,Friday,4,0,True,False,True,False,False,1,0,10,66,0,0,0,0,0,0
2025-03-08,2,3.4285714285714284,4.166666666666667,0.0,25.6,19.7,32.8,0.0,6.0,1011.2,20.27203369140625,2025,3,8,Saturday,5,1,False,False,False,False,False,1,1,10,67,0,0,0,0,0,0
2025-03-09,4,3.571428571428572,4.166666666666667,0.0,23.6,17.7,30.8,0.0,5.7,1014.0,20.26612663269043,2025,3,9,Sunday,6,1,False,False,False,False,False,1,2,10,68,0,0,0,0,0,0
2025-03-10,4,3.2857142857142856,4.1,121.0,25.4,19.7,32.4,0.0,10.1,1004.0,20.26021957397461,2025,3,10,Monday,0,0,False,False,True,False,False,1,3,11,69,0,0,0,0,0,0
2025-03-11,3,3.7142857142857135,4.0,50.0,25.4,19.5,32.5,0.0,4.3,1011.0,20.35137939453125,2025,3,11,Tuesday,1,0,False,False,True,False,False,1,4,11,70,0,0,0,0,0,0
2025-03-12,5,4.428571428571429,4.066666666666666,27.0,24.1,18.5,30.9,0.0,4.8,1009.7,20.270299911499023,2025,3,12,Wednesday,2,0,False,False,True,False,False,1,5,11,71,0,0,0,0,0,0
2025-03-13,3,4.571428571428571,4.433333333333334,12.0,24.8,19.1,31.8,0.0,6.3,1020.4,20.17443084716797,2025,3,13,Thursday,3,0,False,False,True,False,False,1,6,11,72,0,0,0,0,0,0
2025-03-14,5,4.714285714285714,4.4,17.0,25.1,18.7,32.8,0.0,8.5,1004.5,20.08284950256348,2025,3,14,Friday,4,0,True,False,True,False,False,1,0,11,73,0,0,0,0,0,0
2025-03-15,7,4.571428571428571,4.4,17.0,25.1,19.4,32.1,0.0,5.9,1015.7,20.030326207478844,2025,3,15,Saturday,5,1,True,False,False,False,False,1,0,11,74,0,0,0,0,0,0
2025-03-16,5,4.571428571428571,4.433333333333334,10.0,23.8,17.9,31.0,0.0,11.4,1014.4,19.977802912394207,2025,3,16,Sunday,6,1,False,False,False,False,True,2,1,11,75,0,0,0,0,0,0
2025-03-17,5,4.714285714285714,4.5,3.0,25.4,19.7,32.4,0.0,4.7,1012.5,19.92527961730957,2025,3,17,Monday,0,0,False,True,False,False,False,2,2,12,76,0,0,0,0,0,0
2025-03-18,2,4.857142857142857,4.466666666666667,12.0,24.7,18.7,32.1,0.0,4.3,1014.3,19.95507049560547,2025,3,18,Tuesday,1,0,False,False,True,True,False,2,3,12,77,0,0,0,0,0,0
2025-03-19,5,4.285714285714286,4.233333333333333,33.0,24.6,18.8,31.7,0.0,10.2,1011.7,19.90415954589844,2025,3,19,Wednesday,2,0,False,False,True,False,False,2,4,12,78,0,0,0,0,0,0
2025-03-20,4,4.285714285714286,4.266666666666667,29.0,21.2,15.3,28.4,0.0,4.3,1009.3,20.0231990814209,2025,3,20,Thursday,3,0,False,False,True,False,False,2,5,12,79,0,0,0,0,0,0
2025-03-21,6,4.0,4.3,25.0,26.4,20.5,33.6,0.0,9.1,1013.4,20.127500534057617,2025,3,21,Friday,4,0,True,False,True,False,False,2,0,12,80,0,0,0,0,0,0
2025-03-22,3,4.285714285714286,4.2,25.0,23.1,17.6,30.0,0.0,11.2,1012.3,20.155057271321613,2025,3,22,Saturday,5,1,False,False,False,False,False,2,1,12,81,0,0,0,0,0,0
2025-03-23,5,4.714285714285714,4.266666666666667,5.0,25.3,19.8,32.1,0.0,10.0,1014.9,20.182614008585613,2025,3,23,Sunday,6,1,False,False,False,False,False,2,2,12,82,0,0,0,0,0,0
2025-03-24,3,5.857142857142857,4.733333333333333,7.0,25.3,19.8,32.2,0.0,10.0,1009.7,20.21017074584961,2025,3,24,Monday,0,0,False,False,True,False,False,2,3,13,83,0,0,0,0,0,0
2025-03-25,4,5.428571428571429,4.7,35.0,24.4,18.6,31.4,0.0,8.7,1009.3,20.03787040710449,2025,3,25,Tuesday,1,0,False,False,True,False,False,2,4,13,84,0,0,0,0,0,0
2025-03-26,8,5.428571428571429,4.8,18.0,24.7,18.3,32.5,0.0,8.9,1012.9,20.03199958801269,2025,3,26,Wednesday,2,0,False,False,True,False,False,2,5,13,85,0,0,0,0,0,0
2025-03-27,12,5.428571428571429,4.833333333333333,24.0,23.9,18.2,30.9,0.0,9.8,1015.5,20.257049560546875,2025,3,27,Thursday,3,0,False,False,True,False,False,2,6,13,86,0,0,0,0,0,0
2025-03-28,3,5.571428571428571,4.7,22.0,24.9,19.0,32.1,0.0,3.9,1014.6,20.28199958801269,2025,3,28,Friday,4,0,True,False,True,False,False,2,0,13,87,0,0,0,0,0,0
2025-03-29,3,5.428571428571429,4.833333333333333,24.0,24.6,18.3,32.4,0.0,11.1,1017.3,20.31469662984212,2025,3,29,Saturday,5,1,False,False,False,False,False,2,1,13,88,0,0,0,0,0,0
2025-03-30,5,4.428571428571429,4.866666666666666,2.0,22.8,17.0,30.0,0.0,3.9,1010.5,20.347393671671547,2025,3,30,Sunday,6,1,False,False,False,False,False,2,2,13,89,0,0,0,0,0,0
2025-03-31,4,3.142857142857143,4.766666666666667,25.0,24.3,18.5,31.4,0.0,11.1,1009.0,20.380090713500977,2025,3,31,Monday,0,0,True,False,True,False,False,2,0,14,90,0,1,0,0,0,0
2025-04-01,3,3.4285714285714284,4.733333333333333,12.0,26.9,21.3,33.8,0.0,3.8,1018.1,20.474029541015625,2025,4,1,Tuesday,1,0,True,False,True,False,False,1,0,14,91,1,0,0,0,0,0
2025-04-02,1,3.2857142857142856,4.666666666666667,38.0,27.7,21.8,35.0,0.0,7.3,1011.0,20.328340530395508,2025,4,2,Wednesday,2,0,False,False,True,False,False,1,1,14,92,0,0,0,0,0,0
2025-04-03,3,3.142857142857143,4.766666666666667,29.0,29.1,23.0,36.6,0.0,11.7,1022.3,20.25830078125,2025,4,3,Thursday,3,0,False,False,True,False,False,1,2,14,93,0,0,0,0,0,0
2025-04-04,5,4.857142857142857,4.666666666666667,20.0,28.2,22.1,35.8,0.0,6.8,1001.1,19.93221092224121,2025,4,4,Friday,4,0,True,False,True,False,False,1,0,14,94,0,0,0,0,0,0
2025-04-05,2,4.857142857142857,4.533333333333333,25.0,26.8,21.1,33.8,0.0,9.5,1017.4,20.16204071044922,2025,4,5,Saturday,5,1,False,False,False,False,False,1,1,14,95,0,0,0,0,0,0
2025-04-06,4,5.714285714285714,4.333333333333333,0.0,27.6,21.7,34.7,0.0,11.1,1008.7,20.391870498657227,2025,4,6,Sunday,6,1,False,False,False,False,False,1,2,14,96,0,0,0,0,0,0
2025-04-07,16,5.857142857142857,4.433333333333334,21.0,25.7,20.0,32.8,0.0,5.7,1009.0,20.621700286865234,2025,4,7,Monday,0,0,False,False,True,False,False,1,3,15,97,0,0,0,0,0,0
2025-04-08,3,5.285714285714286,4.933333333333334,18.0,28.0,21.8,35.6,0.0,10.0,1006.8,20.69655036926269,2025,4,8,Tuesday,1,0,False,False,True,False,False,1,4,15,98,0,0,0,0,0,0
2025-04-09,7,6.0,5.033333333333333,24.0,27.4,21.0,35.1,0.0,3.3,1013.4,20.836240768432617,2025,4,9,Wednesday,2,0,False,False,True,False,False,1,5,15,99,0,0,0,0,0,0
2025-04-10,4,6.285714285714286,5.0,26.0,25.8,19.8,33.0,0.0,10.6,1016.9,20.33354949951172,2025,4,10,Thursday,3,0,False,False,True,False,False,1,6,15,100,0,0,0,0,0,0
2025-04-11,1,4.571428571428571,4.833333333333333,22.0,30.2,24.2,37.5,0.8,9.2,1009.4,20.594459533691406,2025,4,11,Friday,4,0,True,False,True,False,False,1,0,15,101,0,0,1,0,1,0
2025-04-12,7,4.714285714285714,4.633333333333334,34.0,29.2,23.1,36.6,0.0,9.6,1018.5,20.488566080729168,2025,4,12,Saturday,5,1,False,False,False,False,False,1,1,15,102,0,0,0,0,0,0
2025-04-13,6,4.142857142857143,4.7,6.0,26.3,20.5,33.3,0.0,10.4,1006.6,20.382672627766926,2025,4,13,Sunday,6,1,False,False,False,False,False,1,2,15,103,0,0,0,0,0,0
2025-04-14,4,4.285714285714286,4.766666666666667,4.0,27.1,21.4,34.1,0.0,5.7,1014.8,20.276779174804688,2025,4,14,Monday,0,0,False,False,True,False,False,1,3,16,104,0,0,0,0,0,0
2025-04-15,4,4.428571428571429,4.7,26.0,27.3,21.5,34.2,0.0,4.0,1008.4,20.07990074157715,2025,4,15,Tuesday,1,0,True,False,True,False,False,1,0,16,105,0,0,0,0,0,0
2025-04-16,3,3.4285714285714284,4.8,45.0,29.7,24.0,36.5,0.0,9.6,1006.1,20.125429153442383,2025,4,16,Wednesday,2,0,False,False,True,False,True,2,1,16,106,0,0,0,0,0,0
2025-04-17,5,2.571428571428572,4.933333333333334,15.0,28.0,22.3,35.0,0.0,5.0,1007.3,19.91530036926269,2025,4,17,Thursday,3,0,False,True,False,False,True,2,2,16,107,0,0,0,0,0,0
2025-04-18,2,2.857142857142857,5.1,5.0,26.5,20.6,33.7,0.0,9.2,1009.0,19.872900390625,2025,4,18,Friday,4,0,True,True,False,True,False,2,0,16,108,0,0,0,0,0,0
2025-04-19,0,5.142857142857143,5.066666666666666,5.0,27.3,20.9,35.1,0.0,4.8,1015.7,19.830500411987302,2025,4,19,Saturday,5,1,False,False,False,True,False,2,1,16,109,0,0,0,0,0,0
2025-04-20,0,5.571428571428571,5.133333333333334,2.0,27.8,22.2,34.8,0.0,8.5,1017.8,19.78810043334961,2025,4,20,Sunday,6,1,False,False,False,False,False,2,2,16,110,0,0,0,0,0,0
2025-04-21,6,5.285714285714286,5.3,21.0,26.4,20.4,33.6,0.0,9.9,1008.1,19.745700454711912,2025,4,21,Monday,0,0,False,False,True,False,False,2,3,17,111,0,0,0,0,0,0
2025-04-22,20,5.428571428571429,5.566666666666666,32.0,29.0,23.4,35.8,0.0,3.7,1014.9,19.70330047607422,2025,4,22,Tuesday,1,0,False,False,True,False,False,2,4,17,112,0,0,0,0,0,0
2025-04-23,6,6.285714285714286,5.233333333333333,18.0,27.4,21.3,34.8,0.0,8.2,1010.9,19.615190505981445,2025,4,23,Wednesday,2,0,False,False,True,False,False,2,5,17,113,0,0,0,0,0,0
2025-04-24,3,7.0,5.333333333333333,21.0,27.5,21.4,34.8,0.0,6.3,1012.3,19.624399185180664,2025,4,24,Thursday,3,0,False,False,True,False,False,2,6,17,114,0,0,0,0,0,0
2025-04-25,3,6.857142857142857,5.233333333333333,19.0,28.1,22.5,35.0,0.0,8.2,1007.9,19.600000381469727,2025,4,25,Friday,4,0,True,False,True,False,False,2,0,17,115,0,0,0,0,0,0
2025-04-26,6,4.428571428571429,5.1,19.0,26.0,20.4,32.8,0.0,3.3,1011.9,19.578386942545574,2025,4,26,Saturday,5,1,False,False,False,False,False,2,1,17,116,0,0,0,0,0,0
2025-04-27,5,4.571428571428571,5.2,9.0,25.7,19.9,32.7,0.0,11.0,1012.5,19.556773503621418,2025,4,27,Sunday,6,1,False,False,False,False,False,2,2,17,117,0,0,0,0,0,0
2025-04-28,5,5.142857142857143,5.133333333333334,23.0,27.6,21.6,34.9,10.8,8.8,1016.8,19.535160064697266,2025,4,28,Monday,0,0,False,False,True,False,False,2,3,18,118,0,0,1,1,0,0
2025-04-29,3,5.571428571428571,5.233333333333333,25.0,27.5,21.4,35.0,0.0,9.8,1009.3,19.57309913635254,2025,4,29,Tuesday,1,0,False,False,True,False,False,2,4,18,119,0,0,0,0,0,0
2025-04-30,7,5.0,5.433333333333334,23.0,27.6,21.3,35.4,0.0,7.3,1015.1,19.54019927978516,2025,4,30,Wednesday,2,0,True,False,True,False,True,2,0,18,120,0,1,0,0,0,0
2025-05-01,7,5.285714285714286,5.733333333333333,25.0,29.8,23.6,37.4,0.0,4.4,1010.3,19.589000701904297,2025,5,1,Thursday,3,0,True,True,False,False,False,1,0,18,121,1,0,0,0,0,0
2025-05-02,6,5.571428571428571,5.933333333333334,15.0,30.5,24.4,38.0,0.0,7.1,1020.6,19.600889205932617,2025,5,2,Friday,4,0,True,False,True,True,False,1,0,18,122,0,0,0,0,1,0
2025-05-03,2,6.857142857142857,5.833333333333333,25.0,28.9,22.4,36.9,0.0,8.0,1009.1,19.60395622253418,2025,5,3,Saturday,5,1,False,False,False,False,False,1,1,18,123,0,0,0,0,0,0
2025-05-04,7,6.714285714285714,5.933333333333334,3.0,30.3,24.1,37.9,0.0,7.1,1004.7,19.607023239135742,2025,5,4,Sunday,6,1,False,False,False,False,False,1,2,18,124,0,0,0,0,1,0
2025-05-05,7,6.571428571428571,6.133333333333334,29.0,29.3,23.0,37.0,0.0,4.2,1013.6,19.610090255737305,2025,5,5,Monday,0,0,False,False,True,False,False,1,3,19,125,0,0,0,0,0,0
2025-05-06,12,6.285714285714286,6.233333333333333,37.0,29.3,22.7,37.4,0.0,3.4,1012.4,19.673200607299805,2025,5,6,Tuesday,1,0,False,False,True,False,False,1,4,19,126,0,0,0,0,0,0
2025-05-07,6,6.0,6.1,29.0,29.4,23.1,37.1,0.0,10.0,1007.8,19.644620895385746,2025,5,7,Wednesday,2,0,False,False,True,False,False,1,5,19,127,0,0,0,0,0,0
2025-05-08,6,5.571428571428571,5.566666666666666,20.0,29.6,23.2,37.5,0.0,3.4,1015.5,19.60308074951172,2025,5,8,Thursday,3,0,False,False,True,False,False,1,6,19,128,0,0,0,0,1,0
2025-05-09,4,5.285714285714286,5.533333333333333,22.0,28.4,22.0,36.2,0.0,3.8,1012.1,19.518699645996094,2025,5,9,Friday,4,0,True,False,True,False,False,1,0,19,129,0,0,0,0,0,0
2025-05-10,0,4.857142857142857,5.666666666666667,27.0,29.6,23.5,37.0,0.0,4.1,1016.1,19.493013381958008,2025,5,10,Saturday,5,1,False,False,False,False,False,1,1,19,130,0,0,0,0,0,0
2025-05-11,4,5.428571428571429,5.8,2.0,30.5,24.1,38.2,0.0,8.8,1008.3,19.467327117919925,2025,5,11,Sunday,6,1,False,False,False,False,False,1,2,19,131,0,0,0,0,1,0
2025-05-12,5,6.428571428571429,5.833333333333333,14.0,29.5,22.9,37.5,0.0,10.0,1009.3,19.44164085388184,2025,5,12,Monday,0,0,False,False,True,False,False,1,3,20,132,0,0,0,0,1,0
2025-05-13,9,7.142857142857143,5.866666666666666,38.0,29.0,22.7,36.6,0.0,4.3,1020.2,19.60740089416504,2025,5,13,Tuesday,1,0,False,False,True,False,False,1,4,20,133,0,0,0,0,0,0
2025-05-14,10,7.428571428571429,5.966666666666667,35.0,29.8,23.2,37.8,0.0,10.9,1015.9,19.39310073852539,2025,5,14,Wednesday,2,0,False,False,True,False,False,1,5,20,134,0,0,0,0,1,0
2025-05-15,13,7.571428571428571,6.0,30.0,28.7,22.2,36.8,0.0,10.8,1009.3,19.383060455322266,2025,5,15,Thursday,3,0,True,False,True,False,False,1,0,20,135,0,0,0,0,0,0
2025-05-16,9,7.714285714285714,5.966666666666667,36.0,29.8,23.6,37.5,0.0,4.4,1008.4,19.471399307250977,2025,5,16,Friday,4,0,True,False,True,False,False,2,0,20,136,0,0,0,0,1,0
2025-05-17,2,6.857142857142857,6.033333333333333,34.0,31.1,24.6,39.1,0.0,7.5,1010.0,19.464656194051106,2025,5,17,Saturday,5,1,False,False,False,False,False,2,1,20,137,0,0,0,0,1,0
2025-05-18,5,5.714285714285714,6.233333333333333,6.0,30.8,24.3,38.8,0.0,11.6,1005.9,19.457913080851238,2025,5,18,Sunday,6,1,False,False,False,False,False,2,2,20,138,0,0,0,0,1,0
2025-05-19,6,4.428571428571429,6.433333333333334,15.0,31.6,25.4,39.3,0.0,11.6,1010.5,19.451169967651367,2025,5,19,Monday,0,0,False,False,True,False,False,2,3,21,139,0,0,0,0,1,0
2025-05-20,3,3.857142857142857,6.366666666666666,32.0,29.5,23.2,37.3,1.6,3.0,1008.9,19.284900665283203,2025,5,20,Tuesday,1,0,False,False,True,False,False,2,4,21,140,0,0,1,0,0,0
2025-05-21,2,4.571428571428571,6.333333333333333,8.0,30.0,23.6,38.0,2.5,9.4,1015.6,19.26931953430176,2025,5,21,Wednesday,2,0,False,False,True,False,False,2,5,21,141,0,0,1,0,1,0
2025-05-22,4,4.857142857142857,6.066666666666666,0.0,30.1,23.6,38.1,0.0,10.5,1010.4,19.36680030822754,2025,5,22,Thursday,3,0,False,False,True,False,False,2,6,21,142,0,0,0,0,1,0
2025-05-23,5,5.0,6.4,24.0,29.2,22.6,37.2,0.0,6.8,1017.0,19.32110023498535,2025,5,23,Friday,4,0,True,False,True,False,False,2,0,21,143,0,0,0,0,0,0
2025-05-24,7,5.428571428571429,6.4,5.0,28.7,22.4,36.4,0.0,7.6,1018.9,19.282333374023438,2025,5,24,Saturday,5,1,False,False,False,False,False,2,1,21,144,0,0,0,0,0,0
2025-05-25,7,6.285714285714286,6.633333333333334,10.0,29.2,22.9,36.9,0.0,9.9,1003.7,19.243566513061523,2025,5,25,Sunday,6,1,False,False,False,False,False,2,2,21,145,0,0,0,0,0,0
2025-05-26,7,6.285714285714286,6.9,5.0,32.4,26.1,40.1,0.0,5.3,1015.4,19.20479965209961,2025,5,26,Monday,0,0,False,False,True,False,False,2,3,22,146,0,0,0,0,1,0
2025-05-27,6,6.428571428571429,6.933333333333334,29.0,31.4,25.4,38.7,5.3,11.4,1011.2,19.24555969238281,2025,5,27,Tuesday,1,0,False,False,True,False,False,2,4,22,147,0,0,1,0,1,0
2025-05-28,8,6.714285714285714,6.866666666666666,33.0,28.9,22.6,36.7,0.0,3.6,1021.4,19.252700805664062,2025,5,28,Wednesday,2,0,False,False,True,False,False,2,5,22,148,0,0,0,0,0,0
2025-05-29,4,7.428571428571429,6.833333333333333,27.0,30.1,23.8,37.8,0.0,10.7,999.2,19.385150909423828,2025,5,29,Thursday,3,0,False,False,True,False,False,2,6,22,149,0,0,0,0,1,0
2025-05-30,6,7.571428571428571,6.666666666666667,31.0,29.8,23.4,37.6,0.0,9.7,1012.8,19.30010032653809,2025,5,30,Friday,4,0,True,False,True,False,False,2,0,22,150,0,0,0,0,1,0
2025-05-31,9,7.428571428571429,6.5,32.0,29.4,22.9,37.2,0.0,10.2,1019.3,19.340900421142578,2025,5,31,Saturday,5,1,True,False,False,False,False,2,0,22,151,0,1,0,0,0,0
2025-06-01,12,7.142857142857143,6.533333333333333,0.0,31.9,25.7,39.6,0.0,6.6,1010.9,19.38170051574707,2025,6,1,Sunday,6,1,True,False,False,False,False,1,0,22,152,1,0,0,0,1,0
2025-06-02,8,7.142857142857143,6.6,0.0,32.1,26.1,39.5,0.0,3.5,1019.0,19.42250061035156,2025,6,2,Monday,0,0,False,False,True,False,False,1,1,23,153,0,0,0,0,1,0
2025-06-03,5,8.571428571428571,6.5,0.0,34.3,28.0,42.0,0.0,11.9,1012.8,19.19219970703125,2025,6,3,Tuesday,1,0,False,False,True,False,False,1,2,23,154,0,0,0,0,1,0
2025-06-04,6,8.142857142857142,6.4,0.0,32.6,26.3,40.4,7.3,4.0,1009.1,19.224300384521484,2025,6,4,Wednesday,2,0,False,False,True,False,False,1,3,23,155,0,0,1,0,1,0
2025-06-05,4,8.0,6.566666666666666,0.0,32.6,26.7,39.8,0.0,4.7,1018.7,19.199350357055664,2025,6,5,Thursday,3,0,False,False,True,False,False,1,4,23,156,0,0,0,0,1,0
2025-06-06,16,8.0,6.733333333333333,0.0,32.4,25.8,40.4,0.0,5.3,1016.4,19.151159286499023,2025,6,6,Friday,4,0,True,False,True,False,False,1,0,23,157,0,0,0,0,1,0
2025-06-07,6,8.0,6.733333333333333,0.0,33.4,26.6,41.6,0.0,10.4,1018.2,19.133316040039062,2025,6,7,Saturday,5,1,False,False,False,False,False,1,1,23,158,0,0,0,0,1,0
2025-06-08,11,7.571428571428571,6.733333333333333,0.0,31.4,25.0,39.3,4.8,5.5,1007.2,19.1154727935791,2025,6,8,Sunday,6,1,False,False,False,False,False,1,2,23,159,0,0,1,0,1,0
2025-06-09,8,8.142857142857142,6.833333333333333,0.0,31.5,25.0,39.5,0.0,5.8,1020.8,19.09762954711914,2025,6,9,Monday,0,0,False,False,True,False,False,1,3,24,160,0,0,0,0,1,0
2025-06-10,5,6.571428571428571,7.0,0.0,31.8,25.4,39.7,0.0,3.9,1014.8,19.03779983520508,2025,6,10,Tuesday,1,0,False,False,True,False,False,1,4,24,161,0,0,0,0,1,0
2025-06-11,3,6.857142857142857,6.866666666666666,71.0,33.1,27.0,40.6,0.0,9.2,1012.5,19.05875968933105,2025,6,11,Wednesday,2,0,False,False,True,False,False,1,5,24,162,0,0,0,0,1,0
2025-06-12,8,6.714285714285714,7.0,23.0,31.7,25.0,40.0,0.0,5.6,1013.9,18.897050857543945,2025,6,12,Thursday,3,0,False,False,True,False,False,1,6,24,163,0,0,0,0,1,0
2025-06-13,5,6.142857142857143,7.1,0.0,30.6,24.6,38.0,0.0,10.4,1021.2,18.883209228515625,2025,6,13,Friday,4,0,True,False,True,False,False,1,0,24,164,0,0,0,0,1,0
2025-06-14,8,5.714285714285714,7.3,33.0,32.4,25.8,40.4,0.0,11.7,1010.7,18.904739379882812,2025,6,14,Saturday,5,1,False,False,False,False,False,1,1,24,165,0,0,0,0,1,0
2025-06-15,10,5.714285714285714,7.333333333333333,14.0,32.9,26.7,40.4,0.0,3.2,1014.3,18.92626953125,2025,6,15,Sunday,6,1,True,False,False,False,False,1,0,24,166,0,0,0,0,1,0
2025-06-16,4,5.714285714285714,8.033333333333333,19.0,30.7,24.6,38.2,0.0,11.7,1018.6,18.947799682617188,2025,6,16,Monday,0,0,False,False,True,False,False,2,1,25,167,0,0,0,0,1,0
2025-06-17,2,6.0,7.733333333333333,20.0,32.5,25.8,40.8,3.1,10.6,1018.4,18.923349380493164,2025,6,17,Tuesday,1,0,False,False,True,False,False,2,2,25,168,0,0,1,0,1,0
2025-06-18,3,5.428571428571429,7.6,14.0,32.7,26.3,40.4,0.0,3.7,1015.7,19.019420623779297,2025,6,18,Wednesday,2,0,False,False,True,False,False,2,3,25,169,0,0,0,0,1,0
2025-06-19,8,4.714285714285714,7.733333333333333,13.0,32.0,26.1,39.2,0.0,7.7,1011.8,19.00749969482422,2025,6,19,Thursday,3,0,False,False,True,False,False,2,4,25,170,0,0,0,0,1,0
2025-06-20,7,5.571428571428571,7.966666666666667,18.0,32.8,26.4,40.6,0.0,10.4,1009.1,19.02050018310547,2025,6,20,Friday,4,0,True,False,True,False,False,2,0,25,171,0,0,0,0,1,0
2025-06-21,4,7.0,8.1,23.0,33.2,27.1,40.5,0.0,10.9,1006.5,19.08370018005371,2025,6,21,Saturday,5,1,False,False,False,False,False,2,1,25,172,0,0,0,0,1,0
2025-06-22,5,7.0,7.766666666666667,0.0,32.3,26.1,39.8,0.0,8.2,1018.9,19.146900177001953,2025,6,22,Sunday,6,1,False,False,False,False,False,2,2,25,173,0,0,0,0,1,0
2025-06-23,10,7.285714285714286,7.866666666666666,31.0,32.9,26.7,40.6,1.7,7.7,1012.7,19.210100173950195,2025,6,23,Monday,0,0,False,False,True,False,False,2,3,26,174,0,0,1,0,1,0
2025-06-24,12,7.857142857142857,7.666666666666667,14.0,31.4,24.9,39.3,0.0,8.7,1002.4,19.071199417114254,2025,6,24,Tuesday,1,0,False,False,True,False,False,2,4,26,175,0,0,0,0,1,0
2025-06-25,3,8.714285714285714,7.666666666666667,29.0,30.8,24.6,38.3,0.0,10.1,1020.5,18.99176025390625,2025,6,25,Wednesday,2,0,False,False,True,False,False,2,5,26,176,0,0,0,0,1,0
2025-06-26,10,9.0,7.533333333333333,24.0,33.5,27.2,41.2,0.0,4.7,1016.2,18.89859962463379,2025,6,26,Thursday,3,0,False,False,True,False,False,2,6,26,177,0,0,0,0,1,0
2025-06-27,11,11.857142857142858,7.6,12.0,31.4,25.1,39.1,0.0,9.6,1017.2,18.87881088256836,2025,6,27,Friday,4,0,True,False,True,False,False,2,0,26,178,0,0,0,0,1,0
2025-06-28,10,10.571428571428571,7.5,24.0,31.9,25.6,39.7,0.0,10.1,1005.2,18.85227394104004,2025,6,28,Saturday,5,1,False,False,False,False,False,2,1,26,179,0,0,0,0,1,0
2025-06-29,7,10.714285714285714,7.5,0.0,31.1,24.8,38.9,0.0,5.2,1011.9,18.82573699951172,2025,6,29,Sunday,6,1,False,False,False,False,False,2,2,26,180,0,0,0,0,1,0
2025-06-30,30,10.571428571428571,7.5,35.0,31.0,24.7,38.7,0.0,6.7,1010.1,18.7992000579834,2025,6,30,Monday,0,0,True,False,True,False,False,2,0,27,181,0,1,0,0,1,0
2025-07-01,3,10.857142857142858,7.3,45.0,29.3,24.8,34.7,0.0,5.4,1011.4,18.738000869750977,2025,7,1,Tuesday,1,0,True,False,True,False,False,1,0,27,182,1,0,0,0,0,0
2025-07-02,4,10.571428571428571,7.333333333333333,24.0,28.9,24.2,34.7,6.8,5.0,1006.3,18.73789978027344,2025,7,2,Wednesday,2,0,False,False,True,False,False,1,1,27,183,0,0,1,0,0,0
2025-07-03,9,10.428571428571429,7.466666666666667,15.0,29.0,24.7,34.3,0.0,4.8,1009.1,18.76370048522949,2025,7,3,Thursday,3,0,False,False,True,False,False,1,2,27,184,0,0,0,0,0,0
2025-07-04,13,7.428571428571429,7.666666666666667,16.0,29.0,24.8,34.2,0.0,8.9,1007.3,18.645910263061523,2025,7,4,Friday,4,0,True,False,True,False,False,1,0,27,185,0,0,0,0,0,0
2025-07-05,8,7.714285714285714,7.566666666666666,24.0,31.0,26.4,36.6,0.0,10.7,1017.7,18.63271713256836,2025,7,5,Saturday,5,1,False,False,False,False,False,1,1,27,186,0,0,0,0,0,0
2025-07-06,6,8.285714285714286,7.5,11.0,30.4,26.3,35.3,9.1,9.3,1010.5,18.619524002075195,2025,7,6,Sunday,6,1,False,False,False,False,False,1,2,27,187,0,0,1,0,0,0
2025-07-07,9,7.142857142857143,7.666666666666667,18.0,30.5,26.0,36.0,0.0,5.7,1009.1,18.60633087158203,2025,7,7,Monday,0,0,False,False,True,False,False,1,3,28,188,0,0,0,0,0,0
2025-07-08,5,6.0,7.6,11.0,27.1,22.9,32.3,0.0,7.5,1021.2,18.643329620361328,2025,7,8,Tuesday,1,0,False,False,True,False,False,1,4,28,189,0,0,0,0,0,0
2025-07-09,8,5.571428571428571,7.366666666666666,32.0,29.7,24.9,35.6,0.0,9.4,1013.6,18.612340927124023,2025,7,9,Wednesday,2,0,False,False,True,False,False,1,5,28,190,0,0,0,0,0,0
2025-07-10,1,5.428571428571429,7.133333333333334,20.0,27.3,22.8,32.9,1.8,5.8,1009.2,18.62376976013184,2025,7,10,Thursday,3,0,False,False,True,False,False,1,6,28,191,0,0,1,0,0,0
2025-07-11,5,5.285714285714286,7.066666666666666,24.0,28.3,23.5,34.2,0.0,11.4,1011.6,18.601259231567383,2025,7,11,Friday,4,0,True,False,True,False,False,1,0,28,192,0,0,0,0,0,0
2025-07-12,5,5.142857142857143,7.266666666666667,30.0,30.7,26.4,35.9,0.0,3.8,1012.4,18.620039621988933,2025,7,12,Saturday,5,1,False,False,False,False,False,1,1,28,193,0,0,0,0,0,0
2025-07-13,5,4.714285714285714,7.066666666666666,20.0,30.5,25.5,36.6,0.0,9.7,1013.1,18.63882001241048,2025,7,13,Sunday,6,1,False,False,False,False,False,1,2,28,194,0,0,0,0,0,0
2025-07-14,8,5.428571428571429,6.866666666666666,14.0,30.0,25.9,35.0,0.0,5.1,1013.7,18.65760040283203,2025,7,14,Monday,0,0,False,False,True,False,False,1,3,29,195,0,0,0,0,0,0
2025-07-15,4,6.0,6.8,14.0,29.7,24.8,35.7,1.5,7.6,1019.5,18.748369216918945,2025,7,15,Tuesday,1,0,True,False,True,False,False,1,0,29,196,0,0,1,0,0,0
2025-07-16,5,6.0,5.833333333333333,11.0,29.3,24.7,34.9,0.0,9.9,1007.5,18.80171012878418,2025,7,16,Wednesday,2,0,False,False,True,False,False,2,1,29,197,0,0,0,0,0,0
2025-07-17,6,6.0,5.933333333333334,29.0,29.5,24.9,35.0,0.0,3.5,1011.3,18.718759536743164,2025,7,17,Thursday,3,0,False,False,True,False,False,2,2,29,198,0,0,0,0,0,0
2025-07-18,9,6.142857142857143,6.066666666666666,14.0,30.1,25.7,35.5,0.0,7.9,1004.3,18.752620697021484,2025,7,18,Friday,4,0,True,False,True,False,False,2,0,29,199,0,0,0,0,0,0
2025-07-19,5,6.0,5.833333333333333,21.0,27.5,22.6,33.6,0.0,3.0,1015.6,18.736846923828125,2025,7,19,Saturday,5,1,False,False,False,False,False,2,1,29,200,0,0,0,0,0,0
2025-07-20,5,5.714285714285714,5.533333333333333,32.0,29.3,24.9,34.7,0.0,10.3,1008.4,18.721073150634766,2025,7,20,Sunday,6,1,False,False,False,False,False,2,2,29,201,0,0,0,0,0,0
2025-07-21,9,5.571428571428571,5.3,13.0,28.3,24.0,33.5,0.0,11.9,1007.4,18.705299377441406,2025,7,21,Monday,0,0,False,False,True,False,False,2,3,30,202,0,0,0,0,0,0
2025-07-22,3,4.428571428571429,5.133333333333334,7.0,28.6,24.1,34.3,0.0,8.6,1016.0,18.656099319458008,2025,7,22,Tuesday,1,0,False,False,True,False,False,2,4,30,203,0,0,0,0,0,0
2025-07-23,3,6.0,4.9,24.0,28.8,24.2,34.5,0.0,12.0,1013.2,18.643930435180664,2025,7,23,Wednesday,2,0,False,False,True,False,False,2,5,30,204,0,0,0,0,0,0
2025-07-24,5,6.0,4.933333333333334,12.0,29.1,24.5,34.7,0.0,10.4,1011.4,18.53668975830078,2025,7,24,Thursday,3,0,False,False,True,False,False,2,6,30,205,0,0,0,0,0,0
2025-07-25,1,5.285714285714286,4.733333333333333,13.0,28.4,24.4,33.4,6.5,11.0,1006.4,18.538549423217773,2025,7,25,Friday,4,0,True,False,True,False,False,2,0,30,206,0,0,1,0,0,0
2025-07-26,16,5.571428571428571,4.766666666666667,21.0,26.7,22.2,32.2,0.0,6.3,1015.2,18.52673276265462,2025,7,26,Saturday,5,1,False,False,False,False,False,2,1,30,207,0,0,0,0,0,0
2025-07-27,5,5.285714285714286,5.166666666666667,7.0,29.1,24.6,34.6,24.2,11.8,1006.2,18.514916102091473,2025,7,27,Sunday,6,1,False,False,False,False,False,2,2,30,208,0,0,1,1,0,0
2025-07-28,4,5.428571428571429,5.133333333333334,16.0,28.6,23.8,34.3,0.0,8.6,1018.6,18.50309944152832,2025,7,28,Monday,0,0,False,False,True,False,False,2,3,31,209,0,0,0,0,0,0
2025-07-29,5,6.428571428571429,5.033333333333333,15.0,28.7,24.3,34.0,0.0,7.5,1019.3,18.746999740600582,2025,7,29,Tuesday,1,0,False,False,True,False,False,2,4,31,210,0,0,0,0,0,0
2025-07-30,1,4.428571428571429,5.0,21.0,29.7,25.0,35.5,0.0,3.3,1011.5,18.747159957885746,2025,7,30,Wednesday,2,0,False,False,True,False,False,2,5,31,211,0,0,0,0,0,0
2025-07-31,6,4.285714285714286,5.0,7.0,29.2,24.8,34.7,0.1,5.8,1008.1,18.84289932250977,2025,7,31,Thursday,3,0,True,False,True,False,False,2,0,31,212,0,1,1,0,0,0
2025-08-01,8,3.857142857142857,4.866666666666666,29.0,29.1,24.5,34.8,0.0,9.5,1007.1,18.86471939086914,2025,8,1,Friday,4,0,True,False,True,False,False,1,0,31,213,1,0,0,0,0,0
2025-08-02,2,3.2857142857142856,4.666666666666667,6.0,28.9,24.5,34.2,0.0,6.6,1009.6,18.865816116333008,2025,8,2,Saturday,5,1,False,False,False,False,False,1,1,31,214,0,0,0,0,0,0
2025-08-03,4,3.4285714285714284,4.366666666666666,8.0,29.0,24.7,34.1,1.8,5.0,1004.1,18.86691284179688,2025,8,3,Sunday,6,1,False,False,False,False,False,1,2,31,215,0,0,1,0,0,0
2025-08-04,1,3.4285714285714284,4.4,13.0,28.0,23.3,33.7,21.7,6.7,1009.0,18.868009567260746,2025,8,4,Monday,0,0,False,False,True,False,False,1,3,32,216,0,0,1,1,0,0
2025-08-05,1,2.571428571428572,4.466666666666667,23.0,29.1,24.7,34.6,0.0,8.5,1022.8,18.871400833129883,2025,8,5,Tuesday,1,0,False,False,True,False,False,1,4,32,217,0,0,0,0,0,0
2025-08-06,2,2.571428571428572,4.333333333333333,18.0,28.1,23.7,33.5,0.0,10.2,1010.4,18.733230590820312,2025,8,6,Wednesday,2,0,False,False,True,False,False,1,5,32,218,0,0,0,0,0,0
2025-08-07,6,4.428571428571429,4.333333333333333,13.0,28.4,24.1,33.7,0.0,9.3,1017.4,18.60154914855957,2025,8,7,Thursday,3,0,False,False,True,False,False,1,6,32,219,0,0,0,0,0,0
2025-08-08,2,4.857142857142857,4.3,11.0,27.7,23.5,32.8,0.0,5.1,1018.2,18.60795021057129,2025,8,8,Friday,4,0,True,False,True,False,False,1,0,32,220,0,0,0,0,0,0
2025-08-09,2,5.0,4.233333333333333,12.0,29.5,25.0,35.0,3.6,11.7,1013.7,18.59937032063802,2025,8,9,Saturday,5,1,False,False,False,False,False,1,1,32,221,0,0,1,0,0,0
2025-08-10,17,5.714285714285714,4.266666666666667,3.0,31.0,26.4,36.5,0.0,8.9,1008.2,18.590790430704754,2025,8,10,Sunday,6,1,False,False,False,False,False,1,2,32,222,0,0,0,0,0,0
2025-08-11,4,5.428571428571429,3.8333333333333335,9.0,29.5,24.9,35.2,0.0,9.4,1013.9,18.582210540771484,2025,8,11,Monday,0,0,False,False,True,False,False,1,3,33,223,0,0,0,0,0,0
2025-08-12,2,5.285714285714286,3.933333333333333,12.0,26.3,21.9,31.5,3.3,9.2,1017.1,18.656200408935547,2025,8,12,Tuesday,1,0,False,False,True,False,False,1,4,33,224,0,0,1,0,0,0
2025-08-13,7,5.0,3.8666666666666663,10.0,29.3,25.2,34.3,3.5,8.3,1013.1,18.572799682617188,2025,8,13,Wednesday,2,0,False,False,True,False,False,1,5,33,225,0,0,1,0,0,0
2025-08-14,4,2.571428571428572,3.8333333333333335,18.0,28.7,24.0,34.4,0.0,9.4,1014.2,18.61930084228516,2025,8,14,Thursday,3,0,False,False,True,False,False,1,6,33,226,0,0,0,0,0,0
2025-08-15,1,2.857142857142857,4.166666666666667,13.0,29.2,24.9,34.4,0.0,7.1,1019.0,18.80125999450684,2025,8,15,Friday,4,0,True,False,True,False,False,1,0,33,227,0,0,0,0,0,0
2025-08-16,0,3.571428571428572,4.2,6.0,30.3,26.2,35.2,0.0,6.1,1022.2,18.775336583455406,2025,8,16,Saturday,5,1,False,False,False,False,False,2,1,33,228,0,0,0,0,0,0
2025-08-17,0,3.2857142857142856,4.066666666666666,4.0,29.3,24.9,34.6,0.0,5.2,1011.2,18.749413172403973,2025,8,17,Sunday,6,1,False,False,False,False,False,2,2,33,229,0,0,0,0,0,0
2025-08-18,6,3.142857142857143,4.066666666666666,16.0,29.9,25.3,35.5,0.0,5.8,1013.1,18.72348976135254,2025,8,18,Monday,0,0,False,False,True,False,False,2,3,34,230,0,0,0,0,0,0
2025-08-19,7,3.2857142857142856,4.066666666666666,16.0,29.4,24.6,35.3,0.0,5.8,1011.6,18.765499114990234,2025,8,19,Tuesday,1,0,False,False,True,False,False,2,4,34,231,0,0,0,0,0,0
2025-08-20,5,3.7142857142857135,4.166666666666667,20.0,27.8,23.6,33.0,7.9,5.8,1015.8,18.818700790405277,2025,8,20,Wednesday,2,0,False,False,True,False,False,2,5,34,232,0,0,1,0,0,0
2025-08-21,3,4.0,4.266666666666667,13.0,29.9,25.3,35.4,0.0,4.3,1011.1,18.768699645996094,2025,8,21,Thursday,3,0,False,False,True,False,False,2,6,34,233,0,0,0,0,0,0
2025-08-22,2,3.571428571428572,4.3,32.0,29.8,25.6,35.0,0.0,8.8,1011.6,18.736299514770508,2025,8,22,Friday,4,0,True,False,True,False,False,2,0,34,234,0,0,0,0,0,0
2025-08-23,3,3.7142857142857135,4.3,29.0,29.0,24.4,34.8,19.7,6.4,1017.4,18.688622792561848,2025,8,23,Saturday,5,1,False,False,False,False,False,2,1,34,235,0,0,1,1,0,0
2025-08-24,2,3.2857142857142856,4.366666666666666,0.0,30.0,25.5,35.3,0.0,9.4,1016.9,18.64094607035319,2025,8,24,Sunday,6,1,False,False,False,False,False,2,2,34,236,0,0,0,0,0,0
2025-08-25,3,3.4285714285714284,4.433333333333334,13.0,29.8,24.8,36.0,0.0,8.6,1009.1,18.59326934814453,2025,8,25,Monday,0,0,False,False,True,False,False,2,3,35,237,0,0,0,0,0,0
2025-08-26,8,4.714285714285714,4.0,18.0,28.9,24.4,34.3,0.0,11.5,1016.0,18.683229446411133,2025,8,26,Tuesday,1,0,False,False,True,False,False,2,4,35,238,0,0,0,0,0,0
2025-08-27,2,5.285714285714286,4.133333333333334,18.0,28.2,23.8,33.6,0.0,9.9,1015.4,18.6585693359375,2025,8,27,Wednesday,2,0,False,False,True,False,False,2,5,35,239,0,0,0,0,0,0
2025-08-28,4,5.571428571428571,4.2,22.0,28.4,24.3,33.4,0.0,5.2,1017.4,18.651199340820312,2025,8,28,Thursday,3,0,False,False,True,False,False,2,6,35,240,0,0,0,0,0,0
2025-08-29,11,5.428571428571429,4.266666666666667,18.0,30.3,25.4,36.3,0.0,9.6,1005.4,18.650239944458008,2025,8,29,Friday,4,0,True,False,True,False,False,2,0,35,241,0,0,0,0,0,0
2025-08-30,7,4.857142857142857,4.466666666666667,22.0,28.6,24.1,34.2,0.0,8.2,1008.3,18.65298016866048,2025,8,30,Saturday,5,1,False,False,False,False,False,2,1,35,242,0,0,0,0,0,0
2025-08-31,4,5.142857142857143,4.566666666666666,28.0,29.6,25.3,35.0,0.0,6.1,1005.9,18.655720392862957,2025,8,31,Sunday,6,1,True,False,False,False,False,2,0,35,243,0,1,0,0,0,0
2025-09-01,2,5.142857142857143,4.6,0.0,27.9,23.1,33.9,3.8,3.7,1019.2,18.65846061706543,2025,9,1,Monday,0,0,True,False,True,False,False,1,0,36,244,1,0,1,0,0,0
2025-09-02,4,4.0,4.766666666666667,0.0,28.3,23.1,34.5,0.0,4.0,1018.1,18.648099899291992,2025,9,2,Tuesday,1,0,False,False,True,False,False,1,1,36,245,0,0,0,0,0,0
2025-09-03,4,3.857142857142857,4.566666666666666,0.0,29.4,24.4,35.4,0.0,8.3,1006.2,18.728700637817383,2025,9,3,Wednesday,2,0,False,False,True,False,False,1,2,36,246,0,0,0,0,0,0
2025-09-04,4,3.857142857142857,4.333333333333333,0.0,29.2,24.3,35.2,0.0,3.8,1005.0,18.706600189208984,2025,9,4,Thursday,3,0,False,False,True,False,False,1,3,36,247,0,0,0,0,0,0
2025-09-05,3,4.142857142857143,4.166666666666667,0.0,28.3,23.0,34.9,6.3,10.6,1008.0,18.725799560546875,2025,9,5,Friday,4,0,True,False,True,False,False,1,0,36,248,0,0,1,0,0,0
2025-09-06,6,4.142857142857143,4.066666666666666,0.0,29.9,25.0,36.0,0.0,8.7,1009.1,18.72598648071289,2025,9,6,Saturday,5,1,False,False,False,False,False,1,1,36,249,0,0,0,0,0,0
2025-09-07,4,4.714285714285714,4.066666666666666,0.0,27.8,23.0,33.6,0.0,8.6,1018.8,18.726173400878903,2025,9,7,Sunday,6,1,False,False,False,False,False,1,2,36,250,0,0,0,0,0,0
2025-09-08,4,4.714285714285714,4.066666666666666,0.0,27.7,22.7,33.8,0.0,3.7,1016.0,18.72636032104492,2025,9,8,Monday,0,0,False,False,True,False,False,1,3,37,251,0,0,0,0,0,0
2025-09-09,4,5.571428571428571,4.066666666666666,0.0,28.5,23.6,34.5,5.4,9.8,1005.5,18.652870178222656,2025,9,9,Tuesday,1,0,False,False,True,False,False,1,4,37,252,0,0,1,0,0,0
2025-09-10,8,6.142857142857143,4.066666666666666,0.0,29.4,24.7,35.1,0.0,7.6,1012.7,18.62350082397461,2025,9,10,Wednesday,2,0,False,False,True,False,False,1,5,37,253,0,0,0,0,0,0
2025-09-11,4,6.142857142857143,4.066666666666666,0.0,30.7,25.8,36.8,4.9,6.8,1017.6,18.580799102783203,2025,9,11,Thursday,3,0,False,False,True,False,False,1,6,37,254,0,0,1,0,0,0
2025-09-12,9,5.714285714285714,4.066666666666666,0.0,27.0,22.1,33.0,0.0,3.3,1008.4,18.45400047302246,2025,9,12,Friday,4,0,True,False,True,False,False,1,0,37,255,0,0,0,0,0,0
2025-09-13,10,5.857142857142857,4.066666666666666,0.0,28.6,23.8,34.5,0.7,3.2,1003.6,18.451663335164387,2025,9,13,Saturday,5,1,False,False,False,False,False,1,1,37,256,0,0,1,0,0,0
2025-09-14,4,4.714285714285714,4.066666666666666,0.0,29.9,24.7,36.1,0.0,4.3,1006.3,18.449326197306313,2025,9,14,Sunday,6,1,False,False,False,False,False,1,2,37,257,0,0,0,0,0,0
2025-09-15,1,4.142857142857143,4.066666666666666,0.0,28.7,23.9,34.6,0.0,9.4,1011.2,18.44698905944824,2025,9,15,Monday,0,0,True,False,True,False,True,1,0,38,258,0,0,0,0,0,0
2025-09-16,5,2.857142857142857,4.066666666666666,0.0,27.9,22.8,34.0,0.0,10.9,1015.6,18.361520767211918,2025,9,16,Tuesday,1,0,False,True,False,False,False,2,1,38,259,0,0,0,0,0,0
2025-09-17,0,1.4285714285714286,4.066666666666666,0.0,28.4,23.5,34.4,0.0,10.0,1006.6,18.32304000854492,2025,9,17,Wednesday,2,0,False,False,True,True,False,2,2,38,260,0,0,0,0,0,0
