date,is_payday,is_holiday,is_benefit_payment,homicidios,Promedio Móvil de Homicidios(7 días),Robo de Vehiculos,tavg,tmin,tmax,prcp,wspd,pres,precio_dolar,dolar_alto,temp_range,llovio_hoy,lluvia_fuerte,is_weekend,day_of_week,day_of_month,month,day_of_year,dia_semana,mes,trimestre,dia_mes,semana_año,dia_semana_sin,dia_semana_cos,mes_sin,mes_cos,es_fin_semana,es_lunes,es_viernes
09/09/2024,0.0,0,0.0,4,1.7142857142857142,,25.6,17.9,29.9,0.1,9.2,1012.3,19.940200805664062,1,12.0,1,0,0,0,9,9,253,0,9,3,9,37,0.0,1.0,-1.0,-1.8369701987210294e-16,0,1,0
10/09/2024,0.0,0,0.0,4,2.142857142857143,,31.4,26.4,38.0,0.3,9.6,1013.9,19.89137077331543,1,11.6,1,0,0,1,10,9,254,1,9,3,10,37,0.7818314824680298,0.6234898018587336,-1.0,-1.8369701987210294e-16,0,0,0
11/09/2024,0.0,0,0.0,1,1.7142857142857142,,21.9,16.2,29.5,0.6,11.7,1018.2,20.08941078186035,1,13.3,1,0,0,2,11,9,255,2,9,3,11,37,0.9749279121818236,-0.2225209339563143,-1.0,-1.8369701987210294e-16,0,0,0
12/09/2024,0.0,0,0.0,3,1.8571428571428568,,31.1,24.2,38.6,0.5,2.7,1013.0,19.79590034484864,1,14.400000000000002,1,0,0,3,12,9,256,3,9,3,12,37,0.4338837391175582,-0.900968867902419,-1.0,-1.8369701987210294e-16,0,0,0
13/09/2024,0.0,0,0.0,7,2.7142857142857144,,31.7,24.8,38.0,2.1,3.9,1010.6,19.52079963684082,0,13.2,1,0,0,4,13,9,257,4,9,3,13,37,-0.433883739117558,-0.9009688679024191,-1.0,-1.8369701987210294e-16,0,0,1
14/09/2024,0.0,0,0.0,3,3.142857142857143,,23.9,16.0,27.2,0.2,5.4,1016.5,19.5208,0,11.2,1,0,1,5,14,9,258,5,9,3,14,37,-0.9749279121818236,-0.2225209339563146,-1.0,-1.8369701987210294e-16,1,0,0
15/09/2024,1.0,0,0.0,14,5.142857142857143,,26.3,18.8,34.1,1.1,3.9,1012.7,19.1522,0,15.3,1,0,1,6,15,9,259,6,9,3,15,37,-0.7818314824680299,0.6234898018587334,-1.0,-1.8369701987210294e-16,1,0,0
16/09/2024,0.0,1,0.0,2,4.857142857142857,,28.0,24.1,33.8,0.5,5.4,1014.2,19.15220069885254,0,9.699999999999996,1,0,0,0,16,9,260,0,9,3,16,38,0.0,1.0,-1.0,-1.8369701987210294e-16,0,1,0
17/09/2024,0.0,0,0.0,4,4.857142857142857,,26.4,20.2,30.2,0.6,7.7,1016.7,19.20560073852539,0,10.0,1,0,0,1,17,9,261,1,9,3,17,38,0.7818314824680298,0.6234898018587336,-1.0,-1.8369701987210294e-16,0,0,0
18/09/2024,0.0,0,0.0,8,5.857142857142857,,20.1,12.4,26.3,0.5,8.7,1019.3,19.11553001403809,0,13.9,1,0,0,2,18,9,262,2,9,3,18,38,0.9749279121818236,-0.2225209339563143,-1.0,-1.8369701987210294e-16,0,0,0
19/09/2024,0.0,0,0.0,6,6.285714285714286,,23.2,15.3,28.5,0.4,8.4,1010.2,19.24327087402344,0,13.2,1,0,0,3,19,9,263,3,9,3,19,38,0.4338837391175582,-0.900968867902419,-1.0,-1.8369701987210294e-16,0,0,0
20/09/2024,0.0,0,0.0,6,6.142857142857143,,32.1,27.2,39.6,0.3,8.2,1015.3,19.299999237060547,0,12.400000000000002,1,0,0,4,20,9,264,4,9,3,20,38,-0.433883739117558,-0.9009688679024191,-1.0,-1.8369701987210294e-16,0,0,1
21/09/2024,0.0,0,0.0,7,6.714285714285714,,24.1,18.8,27.9,0.7,8.4,1010.3,19.3,0,9.099999999999998,1,0,1,5,21,9,265,5,9,3,21,38,-0.9749279121818236,-0.2225209339563146,-1.0,-1.8369701987210294e-16,1,0,0
22/09/2024,0.0,0,0.0,3,5.142857142857143,,24.3,19.3,29.9,0.6,6.2,1011.4,19.3766,0,10.599999999999998,1,0,1,6,22,9,266,6,9,3,22,38,-0.7818314824680299,0.6234898018587334,-1.0,-1.8369701987210294e-16,1,0,0
23/09/2024,0.0,0,0.0,1,5.0,,21.8,18.2,25.4,0.3,11.5,1010.6,19.37656021118164,0,7.199999999999999,1,0,0,0,23,9,267,0,9,3,23,39,0.0,1.0,-1.0,-1.8369701987210294e-16,0,1,0
24/09/2024,0.0,0,0.0,5,5.142857142857143,,27.4,21.1,33.3,0.8,3.4,1017.9,19.4153995513916,0,12.199999999999996,1,0,0,1,24,9,268,1,9,3,24,39,0.7818314824680298,0.6234898018587336,-1.0,-1.8369701987210294e-16,0,0,0
25/09/2024,0.0,0,0.0,7,5.0,,27.4,22.4,32.1,0.4,11.2,1012.9,19.30820083618164,0,9.700000000000005,1,0,0,2,25,9,269,2,9,3,25,39,0.9749279121818236,-0.2225209339563143,-1.0,-1.8369701987210294e-16,0,0,0
26/09/2024,0.0,0,0.0,12,5.857142857142857,,26.0,18.1,29.2,0.3,2.9,1018.4,19.63660049438477,0,11.099999999999998,1,0,0,3,26,9,270,3,9,3,26,39,0.4338837391175582,-0.900968867902419,-1.0,-1.8369701987210294e-16,0,0,0
27/09/2024,0.0,0,0.0,10,6.428571428571429,,18.9,12.8,25.9,0.4,8.0,1011.1,19.61591911315918,0,13.099999999999998,1,0,0,4,27,9,271,4,9,3,27,39,-0.433883739117558,-0.9009688679024191,-1.0,-1.8369701987210294e-16,0,0,1
28/09/2024,0.0,0,0.0,7,6.428571428571429,,25.4,21.6,32.5,1.0,11.4,1018.6,19.6159,0,10.9,1,0,1,5,28,9,272,5,9,3,28,39,-0.9749279121818236,-0.2225209339563146,-1.0,-1.8369701987210294e-16,1,0,0
29/09/2024,0.0,0,0.0,4,6.571428571428571,,23.1,16.1,30.8,1.1,9.2,1015.9,19.6305,0,14.7,1,0,1,6,29,9,273,6,9,3,29,39,-0.7818314824680299,0.6234898018587334,-1.0,-1.8369701987210294e-16,1,0,0
30/09/2024,1.0,0,0.0,7,7.428571428571429,,24.8,19.7,30.1,0.0,2.7,1017.9,19.63050079345703,0,10.400000000000002,0,0,0,0,30,9,274,0,9,3,30,40,0.0,1.0,-1.0,-1.8369701987210294e-16,0,1,0
01/10/2024,0.0,0,0.0,3,7.142857142857143,,26.5,22.6,31.1,1.5,2.9,1011.6,19.66360092163086,0,8.5,1,0,0,1,1,10,275,1,10,4,1,40,0.7818314824680298,0.6234898018587336,-0.8660254037844386,0.5000000000000001,0,0,0
02/10/2024,0.0,0,0.0,8,7.285714285714286,,22.6,15.7,27.0,0.1,6.4,1016.7,19.626440048217773,0,11.3,1,0,0,2,2,10,276,2,10,4,2,40,0.9749279121818236,-0.2225209339563143,-0.8660254037844386,0.5000000000000001,0,0,0
03/10/2024,0.0,0,0.0,7,6.571428571428571,,16.9,12.5,24.8,0.1,3.5,1010.6,19.40819931030273,0,12.3,1,0,0,3,3,10,277,3,10,4,3,40,0.4338837391175582,-0.900968867902419,-0.8660254037844386,0.5000000000000001,0,0,0
04/10/2024,0.0,0,0.0,8,6.285714285714286,,19.6,11.8,26.5,0.6,3.4,1013.8,19.33550071716309,0,14.7,1,0,0,4,4,10,278,4,10,4,4,40,-0.433883739117558,-0.9009688679024191,-0.8660254037844386,0.5000000000000001,0,0,1
05/10/2024,0.0,0,0.0,2,5.571428571428571,,21.5,17.3,27.1,0.3,2.6,1011.0,19.3355,0,9.8,1,0,1,5,5,10,279,5,10,4,5,40,-0.9749279121818236,-0.2225209339563146,-0.8660254037844386,0.5000000000000001,1,0,0
06/10/2024,0.0,0,0.0,4,5.571428571428571,,19.7,13.0,24.6,0.8,3.4,1014.3,19.2767,0,11.6,1,0,1,6,6,10,280,6,10,4,6,40,-0.7818314824680299,0.6234898018587334,-0.8660254037844386,0.5000000000000001,1,0,0
07/10/2024,0.0,0,0.0,12,6.285714285714286,,21.0,13.6,24.4,0.1,5.9,1016.7,19.27667999267578,0,10.8,1,0,0,0,7,10,281,0,10,4,7,41,0.0,1.0,-0.8660254037844386,0.5000000000000001,0,1,0
08/10/2024,0.0,0,0.0,6,6.714285714285714,,23.9,17.2,28.8,0.1,4.9,1016.5,19.289670944213867,0,11.6,1,0,0,1,8,10,282,1,10,4,8,41,0.7818314824680298,0.6234898018587336,-0.8660254037844386,0.5000000000000001,0,0,0
09/10/2024,0.0,0,0.0,7,6.571428571428571,,15.6,11.4,20.9,0.7,11.8,1011.1,19.345399856567383,0,9.499999999999998,1,0,0,2,9,10,283,2,10,4,9,41,0.9749279121818236,-0.2225209339563143,-0.8660254037844386,0.5000000000000001,0,0,0
10/10/2024,0.0,0,0.0,5,6.285714285714286,,26.6,22.4,33.3,0.2,6.6,1016.3,19.467449188232425,0,10.9,1,0,0,3,10,10,284,3,10,4,10,41,0.4338837391175582,-0.900968867902419,-0.8660254037844386,0.5000000000000001,0,0,0
11/10/2024,0.0,0,0.0,2,5.428571428571429,,22.1,14.6,25.9,0.2,5.5,1012.3,19.438400268554688,0,11.3,1,0,0,4,11,10,285,4,10,4,11,41,-0.433883739117558,-0.9009688679024191,-0.8660254037844386,0.5000000000000001,0,0,1
12/10/2024,0.0,0,0.0,13,7.0,,18.2,14.1,26.1,0.0,2.3,1017.5,19.4384,0,12.000000000000002,0,0,1,5,12,10,286,5,10,4,12,41,-0.9749279121818236,-0.2225209339563146,-0.8660254037844386,0.5000000000000001,1,0,0
13/10/2024,0.0,0,0.0,3,6.857142857142857,,22.2,17.3,26.4,0.2,2.4,1017.2,19.2995,0,9.099999999999998,1,0,1,6,13,10,287,6,10,4,13,41,-0.7818314824680299,0.6234898018587334,-0.8660254037844386,0.5000000000000001,1,0,0
14/10/2024,0.0,0,0.0,10,6.571428571428571,,19.9,13.3,26.0,0.6,8.7,1011.2,19.29953956604004,0,12.7,1,0,0,0,14,10,288,0,10,4,14,42,0.0,1.0,-0.8660254037844386,0.5000000000000001,0,1,0
15/10/2024,1.0,0,0.0,11,7.285714285714286,,19.5,15.5,22.7,0.0,11.1,1010.2,19.425949096679688,0,7.199999999999999,0,0,0,1,15,10,289,1,10,4,15,42,0.7818314824680298,0.6234898018587336,-0.8660254037844386,0.5000000000000001,0,0,0
16/10/2024,0.0,0,0.0,5,7.0,,27.8,24.5,35.3,0.5,7.4,1014.5,19.69510078430176,0,10.799999999999995,1,0,0,2,16,10,290,2,10,4,16,42,0.9749279121818236,-0.2225209339563143,-0.8660254037844386,0.5000000000000001,0,0,0
17/10/2024,0.0,0,0.0,1,6.428571428571429,,23.4,19.4,29.4,0.1,3.7,1014.1,19.898700714111328,1,10.0,1,0,0,3,17,10,291,3,10,4,17,42,0.4338837391175582,-0.900968867902419,-0.8660254037844386,0.5000000000000001,0,0,0
18/10/2024,0.0,0,0.0,6,7.0,,20.3,13.3,23.6,0.2,6.6,1016.5,19.81681060791016,1,10.3,1,0,0,4,18,10,292,4,10,4,18,42,-0.433883739117558,-0.9009688679024191,-0.8660254037844386,0.5000000000000001,0,0,1
19/10/2024,0.0,0,0.0,3,5.571428571428571,,21.8,16.8,25.7,0.2,11.2,1013.3,19.8168,1,8.899999999999999,1,0,1,5,19,10,293,5,10,4,19,42,-0.9749279121818236,-0.2225209339563146,-0.8660254037844386,0.5000000000000001,1,0,0
20/10/2024,0.0,0,0.0,6,6.0,,22.9,15.2,26.5,0.3,5.0,1011.5,19.8686,1,11.3,1,0,1,6,20,10,294,6,10,4,20,42,-0.7818314824680299,0.6234898018587334,-0.8660254037844386,0.5000000000000001,1,0,0
21/10/2024,0.0,0,0.0,4,5.142857142857143,,21.4,14.1,29.1,1.3,10.7,1014.5,19.868560791015625,1,15.000000000000002,1,0,0,0,21,10,295,0,10,4,21,43,0.0,1.0,-0.8660254037844386,0.5000000000000001,0,1,0
22/10/2024,0.0,0,0.0,2,3.857142857142857,,16.9,11.7,24.6,0.9,4.6,1017.1,19.96080017089844,1,12.900000000000002,1,0,0,1,22,10,296,1,10,4,22,43,0.7818314824680298,0.6234898018587336,-0.8660254037844386,0.5000000000000001,0,0,0
23/10/2024,0.0,0,0.0,7,4.142857142857143,,15.9,10.2,19.4,0.4,5.8,1019.0,19.936199188232425,1,9.2,1,0,0,2,23,10,297,2,10,4,23,43,0.9749279121818236,-0.2225209339563143,-0.8660254037844386,0.5000000000000001,0,0,0
24/10/2024,0.0,0,0.0,6,4.857142857142857,,17.5,10.3,21.5,0.0,6.0,1017.5,19.832460403442383,1,11.2,0,0,0,3,24,10,298,3,10,4,24,43,0.4338837391175582,-0.900968867902419,-0.8660254037844386,0.5000000000000001,0,0,0
25/10/2024,0.0,0,1.0,11,5.571428571428571,,17.5,11.1,25.5,0.0,3.4,1017.8,19.81419944763184,1,14.4,0,0,0,4,25,10,299,4,10,4,25,43,-0.433883739117558,-0.9009688679024191,-0.8660254037844386,0.5000000000000001,0,0,1
26/10/2024,0.0,0,1.0,14,7.142857142857143,,23.3,15.6,28.3,0.2,2.2,1018.8,19.8142,1,12.7,1,0,1,5,26,10,300,5,10,4,26,43,-0.9749279121818236,-0.2225209339563146,-0.8660254037844386,0.5000000000000001,1,0,0
27/10/2024,0.0,0,1.0,13,8.142857142857142,,16.0,11.9,19.5,0.1,7.2,1019.4,19.9466,1,7.6,1,0,1,6,27,10,301,6,10,4,27,43,-0.7818314824680299,0.6234898018587334,-0.8660254037844386,0.5000000000000001,1,0,0
28/10/2024,0.0,0,0.0,3,8.0,,19.9,13.6,24.9,0.9,3.1,1014.8,19.946569442749023,1,11.3,1,0,0,0,28,10,302,0,10,4,28,44,0.0,1.0,-0.8660254037844386,0.5000000000000001,0,1,0
29/10/2024,0.0,0,0.0,3,8.142857142857142,,18.4,10.9,22.9,0.8,7.6,1013.0,20.02873992919922,1,11.999999999999998,1,0,0,1,29,10,303,1,10,4,29,44,0.7818314824680298,0.6234898018587336,-0.8660254037844386,0.5000000000000001,0,0,0
30/10/2024,0.0,0,0.0,2,7.428571428571429,,21.7,18.2,25.2,0.1,9.6,1010.1,20.05377960205078,1,7.0,1,0,0,2,30,10,304,2,10,4,30,44,0.9749279121818236,-0.2225209339563143,-0.8660254037844386,0.5000000000000001,0,0,0
31/10/2024,1.0,0,0.0,1,6.714285714285714,,16.4,8.7,22.3,1.0,10.8,1018.9,20.1639404296875,1,13.6,1,0,0,3,31,10,305,3,10,4,31,44,0.4338837391175582,-0.900968867902419,-0.8660254037844386,0.5000000000000001,0,0,0
01/11/2024,0.0,0,0.0,1,5.285714285714286,,21.0,14.8,28.4,0.2,4.3,1014.4,20.050689697265625,1,13.599999999999998,1,0,0,4,1,11,306,4,11,4,1,44,-0.433883739117558,-0.9009688679024191,-0.5000000000000004,0.8660254037844384,0,0,1
02/11/2024,0.0,0,0.0,2,3.571428571428572,,15.0,7.5,19.9,0.5,11.1,1018.7,20.0507,1,12.4,1,0,1,5,2,11,307,5,11,4,2,44,-0.9749279121818236,-0.2225209339563146,-0.5000000000000004,0.8660254037844384,1,0,0
03/11/2024,0.0,0,0.0,7,2.7142857142857144,,16.4,11.3,20.7,0.1,9.8,1019.6,20.0818,1,9.4,1,0,1,6,3,11,308,6,11,4,3,44,-0.7818314824680299,0.6234898018587334,-0.5000000000000004,0.8660254037844384,1,0,0
04/11/2024,0.0,0,0.0,2,2.571428571428572,,26.2,22.1,33.0,0.0,4.5,1019.1,20.08181953430176,1,10.9,0,0,0,0,4,11,309,0,11,4,4,45,0.0,1.0,-0.5000000000000004,0.8660254037844384,0,1,0
05/11/2024,0.0,0,0.0,4,2.7142857142857144,,16.1,10.9,22.6,0.1,8.7,1018.9,20.093900680541992,1,11.7,1,0,0,1,5,11,310,1,11,4,5,45,0.7818314824680298,0.6234898018587336,-0.5000000000000004,0.8660254037844384,0,0,0
06/11/2024,0.0,0,0.0,3,2.857142857142857,,19.9,13.3,24.8,1.3,6.2,1015.3,20.13159942626953,1,11.5,1,0,0,2,6,11,311,2,11,4,6,45,0.9749279121818236,-0.2225209339563143,-0.5000000000000004,0.8660254037844384,0,0,0
07/11/2024,0.0,0,0.0,3,3.142857142857143,,15.3,9.5,19.0,0.3,2.4,1013.6,20.16700935363769,1,9.5,1,0,0,3,7,11,312,3,11,4,7,45,0.4338837391175582,-0.900968867902419,-0.5000000000000004,0.8660254037844384,0,0,0
08/11/2024,0.0,0,0.0,5,3.7142857142857135,,19.6,12.7,25.7,0.0,3.2,1015.2,19.793569564819336,1,13.0,0,0,0,4,8,11,313,4,11,4,8,45,-0.433883739117558,-0.9009688679024191,-0.5000000000000004,0.8660254037844384,0,0,1
09/11/2024,0.0,0,0.0,4,4.0,,20.2,17.1,24.0,1.2,4.6,1016.9,19.7936,1,6.899999999999999,1,0,1,5,9,11,314,5,11,4,9,45,-0.9749279121818236,-0.2225209339563146,-0.5000000000000004,0.8660254037844384,1,0,0
10/11/2024,0.0,0,0.0,7,4.0,,18.6,14.2,26.5,0.2,4.8,1011.1,20.1376,1,12.3,1,0,1,6,10,11,315,6,11,4,10,45,-0.7818314824680299,0.6234898018587334,-0.5000000000000004,0.8660254037844384,1,0,0
11/11/2024,0.0,0,0.0,5,4.428571428571429,,15.0,9.5,22.6,0.7,6.9,1014.3,20.13759994506836,1,13.1,1,0,0,0,11,11,316,0,11,4,11,46,0.0,1.0,-0.5000000000000004,0.8660254037844384,0,1,0
12/11/2024,0.0,0,0.0,7,4.857142857142857,,17.2,12.3,23.1,1.0,3.9,1017.6,20.339500427246094,1,10.8,1,0,0,1,12,11,317,1,11,4,12,46,0.7818314824680298,0.6234898018587336,-0.5000000000000004,0.8660254037844384,0,0,0
13/11/2024,0.0,0,0.0,14,6.428571428571429,,20.9,13.4,26.8,0.4,7.4,1010.1,20.58270072937012,1,13.4,1,0,0,2,13,11,318,2,11,4,13,46,0.9749279121818236,-0.2225209339563143,-0.5000000000000004,0.8660254037844384,0,0,0
14/11/2024,0.0,0,0.0,6,6.857142857142857,,17.3,11.9,25.2,0.1,3.8,1014.1,20.518400192260746,1,13.3,1,0,0,3,14,11,319,3,11,4,14,46,0.4338837391175582,-0.900968867902419,-0.5000000000000004,0.8660254037844384,0,0,0
15/11/2024,1.0,0,0.0,2,6.428571428571429,,16.2,12.2,22.7,1.0,11.2,1010.0,20.438600540161133,1,10.5,1,0,0,4,15,11,320,4,11,4,15,46,-0.433883739117558,-0.9009688679024191,-0.5000000000000004,0.8660254037844384,0,0,1
16/11/2024,0.0,0,0.0,3,6.285714285714286,,20.5,15.6,24.5,0.6,9.5,1015.8,20.4386,1,8.9,1,0,1,5,16,11,321,5,11,4,16,46,-0.9749279121818236,-0.2225209339563146,-0.5000000000000004,0.8660254037844384,1,0,0
17/11/2024,0.0,0,0.0,3,5.714285714285714,,15.1,10.6,22.5,0.1,11.4,1019.8,20.3562,1,11.9,1,0,1,6,17,11,322,6,11,4,17,46,-0.7818314824680299,0.6234898018587334,-0.5000000000000004,0.8660254037844384,1,0,0
18/11/2024,0.0,0,0.0,4,5.571428571428571,,26.2,22.3,31.3,0.1,5.6,1017.9,20.356170654296875,1,9.0,1,0,0,0,18,11,323,0,11,4,18,47,0.0,1.0,-0.5000000000000004,0.8660254037844384,0,1,0
19/11/2024,0.0,0,0.0,7,5.571428571428571,,17.7,11.8,21.1,1.1,7.4,1019.7,20.21328926086425,1,9.3,1,0,0,1,19,11,324,1,11,4,19,47,0.7818314824680298,0.6234898018587336,-0.5000000000000004,0.8660254037844384,0,0,0
20/11/2024,0.0,1,0.0,5,4.285714285714286,,20.1,15.0,25.2,0.4,8.5,1015.9,20.10972023010254,1,10.2,1,0,0,2,20,11,325,2,11,4,20,47,0.9749279121818236,-0.2225209339563143,-0.5000000000000004,0.8660254037844384,0,0,0
21/11/2024,0.0,0,0.0,6,4.285714285714286,,15.0,9.6,21.0,0.2,10.9,1014.6,20.274620056152344,1,11.4,1,0,0,3,21,11,326,3,11,4,21,47,0.4338837391175582,-0.900968867902419,-0.5000000000000004,0.8660254037844384,0,0,0
22/11/2024,0.0,0,0.0,7,5.0,,15.0,7.8,18.6,0.3,2.6,1017.5,20.414119720458984,1,10.8,1,0,0,4,22,11,327,4,11,4,22,47,-0.433883739117558,-0.9009688679024191,-0.5000000000000004,0.8660254037844384,0,0,1
23/11/2024,0.0,0,0.0,6,5.428571428571429,,20.2,13.4,25.1,0.2,9.4,1018.7,20.4141,1,11.7,1,0,1,5,23,11,328,5,11,4,23,47,-0.9749279121818236,-0.2225209339563146,-0.5000000000000004,0.8660254037844384,1,0,0
24/11/2024,0.0,0,0.0,12,6.714285714285714,,15.1,9.0,21.6,0.1,7.0,1016.8,20.3508,1,12.6,1,0,1,6,24,11,329,6,11,4,24,47,-0.7818314824680299,0.6234898018587334,-0.5000000000000004,0.8660254037844384,1,0,0
25/11/2024,0.0,0,0.0,3,6.571428571428571,,16.5,13.5,24.3,0.0,9.0,1015.2,20.350839614868164,1,10.8,0,0,0,0,25,11,330,0,11,4,25,48,0.0,1.0,-0.5000000000000004,0.8660254037844384,0,1,0
26/11/2024,0.0,0,0.0,8,6.714285714285714,,15.1,8.2,20.9,0.5,7.0,1015.1,20.580469131469727,1,12.7,1,0,0,1,26,11,331,1,11,4,26,48,0.7818314824680298,0.6234898018587336,-0.5000000000000004,0.8660254037844384,0,0,0
27/11/2024,0.0,0,0.0,7,7.0,,19.3,15.2,24.7,0.0,4.5,1019.7,20.65250015258789,1,9.5,0,0,0,2,27,11,332,2,11,4,27,48,0.9749279121818236,-0.2225209339563143,-0.5000000000000004,0.8660254037844384,0,0,0
28/11/2024,0.0,0,0.0,14,8.142857142857142,,19.6,14.3,23.5,0.1,5.0,1015.4,20.598169326782227,1,9.2,1,0,0,3,28,11,333,3,11,4,28,48,0.4338837391175582,-0.900968867902419,-0.5000000000000004,0.8660254037844384,0,0,0
29/11/2024,0.0,0,0.0,8,8.285714285714286,,22.8,17.1,28.5,0.4,9.1,1011.6,20.436199188232425,1,11.4,1,0,0,4,29,11,334,4,11,4,29,48,-0.433883739117558,-0.9009688679024191,-0.5000000000000004,0.8660254037844384,0,0,1
30/11/2024,1.0,0,0.0,11,9.0,,21.0,13.8,27.6,0.6,2.5,1016.5,20.4362,1,13.8,1,0,1,5,30,11,335,5,11,4,30,48,-0.9749279121818236,-0.2225209339563146,-0.5000000000000004,0.8660254037844384,1,0,0
01/12/2024,0.0,0,0.0,2,7.571428571428571,,22.0,17.4,27.1,0.1,4.6,1010.7,20.3786,1,9.700000000000005,1,0,1,6,1,12,336,6,12,4,1,48,-0.7818314824680299,0.6234898018587334,-2.4492935982947064e-16,1.0,1,0,0
02/12/2024,0.0,0,0.0,10,8.571428571428571,,15.0,8.7,22.8,0.1,9.8,1014.9,20.3806095123291,1,14.1,1,0,0,0,2,12,337,0,12,4,2,49,0.0,1.0,-2.4492935982947064e-16,1.0,0,1,0
03/12/2024,0.0,0,0.0,9,8.714285714285714,,18.0,10.9,24.2,0.3,2.0,1013.3,20.40690040588379,1,13.3,1,0,0,1,3,12,338,1,12,4,3,49,0.7818314824680298,0.6234898018587336,-2.4492935982947064e-16,1.0,0,0,0
04/12/2024,0.0,0,0.0,13,9.571428571428571,,15.6,8.1,18.9,0.1,11.0,1013.2,20.30389976501465,1,10.8,1,0,0,2,4,12,339,2,12,4,4,49,0.9749279121818236,-0.2225209339563143,-2.4492935982947064e-16,1.0,0,0,0
05/12/2024,0.0,0,0.0,1,7.714285714285714,,18.5,11.0,26.5,0.3,8.5,1013.3,20.308639526367188,1,15.5,1,0,0,3,5,12,340,3,12,4,5,49,0.4338837391175582,-0.900968867902419,-2.4492935982947064e-16,1.0,0,0,0
06/12/2024,0.0,0,0.0,6,7.428571428571429,,15.0,12.0,21.3,0.1,7.2,1014.5,20.19179916381836,1,9.3,1,0,0,4,6,12,341,4,12,4,6,49,-0.433883739117558,-0.9009688679024191,-2.4492935982947064e-16,1.0,0,0,1
07/12/2024,0.0,0,0.0,3,6.285714285714286,,15.0,9.9,22.0,0.6,8.9,1017.9,20.1918,1,12.1,1,0,1,5,7,12,342,5,12,4,7,49,-0.9749279121818236,-0.2225209339563146,-2.4492935982947064e-16,1.0,1,0,0
08/12/2024,0.0,0,0.0,1,6.142857142857143,,19.0,11.1,24.3,0.6,3.9,1019.9,20.1709,1,13.2,1,0,1,6,8,12,343,6,12,4,8,49,-0.7818314824680299,0.6234898018587334,-2.4492935982947064e-16,1.0,1,0,0
09/12/2024,0.0,0,0.0,4,5.285714285714286,,18.2,13.5,22.3,0.2,6.8,1017.3,20.17090034484864,1,8.8,1,0,0,0,9,12,344,0,12,4,9,50,0.0,1.0,-2.4492935982947064e-16,1.0,0,1,0
10/12/2024,0.0,0,0.0,2,4.285714285714286,,17.4,13.3,23.5,0.2,5.4,1014.7,20.245899200439453,1,10.2,1,0,0,1,10,12,345,1,12,4,10,50,0.7818314824680298,0.6234898018587336,-2.4492935982947064e-16,1.0,0,0,0
11/12/2024,0.0,0,0.0,7,3.4285714285714284,,18.7,13.5,26.2,0.6,7.9,1017.8,20.1607608795166,1,12.7,1,0,0,2,11,12,346,2,12,4,11,50,0.9749279121818236,-0.2225209339563143,-2.4492935982947064e-16,1.0,0,0,0
12/12/2024,0.0,0,0.0,11,4.857142857142857,,15.0,8.1,20.0,0.4,6.9,1016.6,20.114200592041016,1,11.9,1,0,0,3,12,12,347,3,12,4,12,50,0.4338837391175582,-0.900968867902419,-2.4492935982947064e-16,1.0,0,0,0
13/12/2024,0.0,0,0.0,5,4.714285714285714,,18.7,12.3,24.2,1.7,6.6,1016.9,20.19109916687012,1,11.9,1,0,0,4,13,12,348,4,12,4,13,50,-0.433883739117558,-0.9009688679024191,-2.4492935982947064e-16,1.0,0,0,1
14/12/2024,0.0,0,0.0,8,5.428571428571429,,16.2,11.3,23.8,0.2,2.1,1013.4,20.1911,1,12.5,1,0,1,5,14,12,349,5,12,4,14,50,-0.9749279121818236,-0.2225209339563146,-2.4492935982947064e-16,1.0,1,0,0
15/12/2024,1.0,0,0.0,4,5.857142857142857,,15.7,11.2,19.2,0.2,6.3,1019.4,20.1054,1,8.0,1,0,1,6,15,12,350,6,12,4,15,50,-0.7818314824680299,0.6234898018587334,-2.4492935982947064e-16,1.0,1,0,0
16/12/2024,0.0,0,0.0,0,5.285714285714286,,19.3,13.8,23.7,0.1,4.0,1019.4,20.105419158935547,1,9.9,1,0,0,0,16,12,351,0,12,4,16,51,0.0,1.0,-2.4492935982947064e-16,1.0,0,1,0
17/12/2024,0.0,0,0.0,2,5.285714285714286,,15.2,7.5,22.4,0.3,7.9,1015.7,20.133819580078125,1,14.9,1,0,0,1,17,12,352,1,12,4,17,51,0.7818314824680298,0.6234898018587336,-2.4492935982947064e-16,1.0,0,0,0
18/12/2024,0.0,0,0.0,4,4.857142857142857,,15.0,9.0,22.6,0.6,8.1,1012.6,20.17374992370605,1,13.6,1,0,0,2,18,12,353,2,12,4,18,51,0.9749279121818236,-0.2225209339563143,-2.4492935982947064e-16,1.0,0,0,0
19/12/2024,0.0,0,0.0,11,4.857142857142857,,15.6,11.2,19.1,0.5,3.8,1019.0,20.37470054626465,1,7.900000000000002,1,0,0,3,19,12,354,3,12,4,19,51,0.4338837391175582,-0.900968867902419,-2.4492935982947064e-16,1.0,0,0,0
20/12/2024,0.0,0,0.0,3,4.571428571428571,,15.7,10.0,22.0,1.6,4.5,1015.8,20.333999633789062,1,12.0,1,0,0,4,20,12,355,4,12,4,20,51,-0.433883739117558,-0.9009688679024191,-2.4492935982947064e-16,1.0,0,0,1
21/12/2024,0.0,0,0.0,11,5.0,,15.0,7.5,20.9,0.4,2.7,1017.3,20.334,1,13.4,1,0,1,5,21,12,356,5,12,4,21,51,-0.9749279121818236,-0.2225209339563146,-2.4492935982947064e-16,1.0,1,0,0
22/12/2024,0.0,0,0.0,3,4.857142857142857,,16.8,12.9,20.0,0.0,11.6,1015.3,20.0634,1,7.1,0,0,1,6,22,12,357,6,12,4,22,51,-0.7818314824680299,0.6234898018587334,-2.4492935982947064e-16,1.0,1,0,0
23/12/2024,0.0,0,0.0,4,5.428571428571429,,15.0,8.9,21.7,0.4,4.1,1015.7,20.06343078613281,1,12.8,1,0,0,0,23,12,358,0,12,4,23,52,0.0,1.0,-2.4492935982947064e-16,1.0,0,1,0
24/12/2024,0.0,0,0.0,1,5.285714285714286,,20.2,17.2,26.2,0.1,9.5,1017.7,20.169300079345703,1,9.0,1,0,0,1,24,12,359,1,12,4,24,52,0.7818314824680298,0.6234898018587336,-2.4492935982947064e-16,1.0,0,0,0
25/12/2024,0.0,1,1.0,1,4.857142857142857,,15.0,10.5,18.9,0.3,5.7,1019.1,20.15379905700684,1,8.399999999999999,1,0,0,2,25,12,360,2,12,4,25,52,0.9749279121818236,-0.2225209339563143,-2.4492935982947064e-16,1.0,0,0,0
26/12/2024,0.0,0,1.0,8,4.428571428571429,,21.5,17.8,27.5,0.5,8.1,1013.6,20.156639099121094,1,9.7,1,0,0,3,26,12,361,3,12,4,26,52,0.4338837391175582,-0.900968867902419,-2.4492935982947064e-16,1.0,0,0,0
27/12/2024,0.0,0,1.0,5,4.714285714285714,,15.0,11.1,19.7,0.0,7.6,1010.3,20.20479965209961,1,8.6,0,0,0,4,27,12,362,4,12,4,27,52,-0.433883739117558,-0.9009688679024191,-2.4492935982947064e-16,1.0,0,0,1
28/12/2024,0.0,0,0.0,6,4.0,,15.0,11.8,21.4,0.6,10.5,1013.1,20.2048,1,9.599999999999998,1,0,1,5,28,12,363,5,12,4,28,52,-0.9749279121818236,-0.2225209339563146,-2.4492935982947064e-16,1.0,1,0,0
29/12/2024,0.0,0,0.0,4,4.142857142857143,,15.0,7.4,19.8,1.3,5.8,1014.2,20.3132,1,12.4,1,0,1,6,29,12,364,6,12,4,29,52,-0.7818314824680299,0.6234898018587334,-2.4492935982947064e-16,1.0,1,0,0
30/12/2024,0.0,0,0.0,7,4.571428571428571,,16.4,11.9,23.9,0.6,9.6,1012.9,20.31316947937012,1,11.999999999999998,1,0,0,0,30,12,365,0,12,4,30,1,0.0,1.0,-2.4492935982947064e-16,1.0,0,1,0
31/12/2024,1.0,0,0.0,7,5.428571428571429,,15.0,10.8,18.4,0.2,3.9,1017.5,20.632200241088867,1,7.599999999999998,1,0,0,1,31,12,366,1,12,4,31,1,0.7818314824680298,0.6234898018587336,-2.4492935982947064e-16,1.0,0,0,0
01/01/2025,0.0,1,0.0,5,6.0,31.0,15.0,7.1,21.8,0.2,7.9,1016.2,20.6322,1,14.7,1,0,0,2,1,1,1,2,1,1,1,1,0.9749279121818236,-0.2225209339563143,0.4999999999999999,0.8660254037844387,0,0,0
02/01/2025,0.0,0,0.0,6,5.714285714285714,10.0,15.6,12.3,19.6,0.7,6.6,1018.4,20.83024024963379,1,7.300000000000001,1,0,0,3,2,1,2,3,1,1,2,1,0.4338837391175582,-0.900968867902419,0.4999999999999999,0.8660254037844387,0,0,0
03/01/2025,0.0,0,0.0,8,6.142857142857143,26.0,15.6,11.6,23.1,0.1,4.3,1019.5,20.59289932250977,1,11.500000000000002,1,0,0,4,3,1,3,4,1,1,3,1,-0.433883739117558,-0.9009688679024191,0.4999999999999999,0.8660254037844387,0,0,1
04/01/2025,0.0,0,0.0,6,6.142857142857143,19.0,21.1,14.7,27.0,0.4,11.6,1019.7,20.5929,1,12.3,1,0,1,5,4,1,4,5,1,1,4,1,-0.9749279121818236,-0.2225209339563146,0.4999999999999999,0.8660254037844387,1,0,0
05/01/2025,0.0,0,0.0,3,6.0,3.0,17.8,12.2,25.3,0.4,5.0,1010.2,20.6201,1,13.1,1,0,1,6,5,1,5,6,1,1,5,1,-0.7818314824680299,0.6234898018587334,0.4999999999999999,0.8660254037844387,1,0,0
06/01/2025,0.0,0,0.0,5,5.714285714285714,11.0,17.1,11.8,25.0,0.1,3.9,1015.3,20.62014961242676,1,13.2,1,0,0,0,6,1,6,0,1,1,6,2,0.0,1.0,0.4999999999999999,0.8660254037844387,0,1,0
07/01/2025,0.0,0,0.0,6,5.571428571428571,22.0,16.0,8.1,19.3,0.1,8.2,1010.5,20.32080078125,1,11.2,1,0,0,1,7,1,7,1,1,1,7,2,0.7818314824680298,0.6234898018587336,0.4999999999999999,0.8660254037844387,0,0,0
08/01/2025,0.0,0,0.0,4,5.428571428571429,17.0,21.8,17.0,28.6,0.1,10.6,1019.6,20.32733917236328,1,11.6,1,0,0,2,8,1,8,2,1,1,8,2,0.9749279121818236,-0.2225209339563143,0.4999999999999999,0.8660254037844387,0,0,0
09/01/2025,0.0,0,0.0,5,5.285714285714286,33.0,19.1,12.4,23.5,0.1,9.7,1013.8,20.41095924377441,1,11.1,1,0,0,3,9,1,9,3,1,1,9,2,0.4338837391175582,-0.900968867902419,0.4999999999999999,0.8660254037844387,0,0,0
10/01/2025,0.0,0,0.0,3,4.571428571428571,21.0,18.7,13.0,22.3,0.0,7.4,1011.2,20.5063591003418,1,9.3,0,0,0,4,10,1,10,4,1,1,10,2,-0.433883739117558,-0.9009688679024191,0.4999999999999999,0.8660254037844387,0,0,1
11/01/2025,0.0,0,0.0,3,4.142857142857143,33.0,16.8,12.2,23.7,0.0,6.0,1018.4,20.5064,1,11.5,0,0,1,5,11,1,11,5,1,1,11,2,-0.9749279121818236,-0.2225209339563146,0.4999999999999999,0.8660254037844387,1,0,0
12/01/2025,0.0,0,0.0,4,4.285714285714286,6.0,15.0,8.0,22.8,0.3,9.0,1014.7,20.7018,1,14.8,1,0,1,6,12,1,12,6,1,1,12,2,-0.7818314824680299,0.6234898018587334,0.4999999999999999,0.8660254037844387,1,0,0
13/01/2025,0.0,0,0.0,6,4.428571428571429,14.0,21.2,15.5,25.2,0.5,2.6,1018.1,20.70178985595703,1,9.7,1,0,0,0,13,1,13,0,1,1,13,3,0.0,1.0,0.4999999999999999,0.8660254037844387,0,1,0
14/01/2025,0.0,0,0.0,3,4.0,35.0,15.0,9.7,18.4,0.0,11.1,1011.2,20.61046028137207,1,8.7,0,0,0,1,14,1,14,1,1,1,14,3,0.7818314824680298,0.6234898018587336,0.4999999999999999,0.8660254037844387,0,0,0
15/01/2025,1.0,0,0.0,1,3.571428571428572,24.0,15.5,8.4,19.0,0.8,10.1,1015.1,20.503999710083008,1,10.6,1,0,0,2,15,1,15,2,1,1,15,3,0.9749279121818236,-0.2225209339563143,0.4999999999999999,0.8660254037844387,0,0,0
16/01/2025,0.0,0,0.0,5,3.571428571428572,24.0,20.8,17.5,27.1,0.2,11.3,1019.5,20.455310821533203,1,9.6,1,0,0,3,16,1,16,3,1,1,16,3,0.4338837391175582,-0.900968867902419,0.4999999999999999,0.8660254037844387,0,0,0
17/01/2025,0.0,0,0.0,3,3.571428571428572,28.0,20.6,16.7,25.0,0.5,11.2,1015.2,20.83272933959961,1,8.3,1,0,0,4,17,1,17,4,1,1,17,3,-0.433883739117558,-0.9009688679024191,0.4999999999999999,0.8660254037844387,0,0,1
18/01/2025,0.0,0,0.0,5,3.857142857142857,18.0,19.3,12.1,26.5,0.3,10.1,1014.1,20.8327,1,14.4,1,0,1,5,18,1,18,5,1,1,18,3,-0.9749279121818236,-0.2225209339563146,0.4999999999999999,0.8660254037844387,1,0,0
19/01/2025,0.0,0,0.0,12,5.0,9.0,15.0,7.1,19.4,0.8,5.8,1011.8,20.7913,1,12.3,1,0,1,6,19,1,19,6,1,1,19,3,-0.7818314824680299,0.6234898018587334,0.4999999999999999,0.8660254037844387,1,0,0
20/01/2025,0.0,0,0.0,3,4.571428571428571,26.0,21.6,13.9,25.0,0.5,9.7,1011.9,20.791290283203125,1,11.1,1,0,0,0,20,1,20,0,1,1,20,4,0.0,1.0,0.4999999999999999,0.8660254037844387,0,1,0
21/01/2025,0.0,0,0.0,2,4.428571428571429,30.0,23.0,18.1,27.8,2.2,2.0,1010.2,20.49724006652832,1,9.7,1,0,0,1,21,1,21,1,1,1,21,4,0.7818314824680298,0.6234898018587336,0.4999999999999999,0.8660254037844387,0,0,0
22/01/2025,0.0,0,0.0,3,4.714285714285714,30.0,15.0,10.5,21.4,1.0,10.7,1017.5,20.66119956970215,1,10.9,1,0,0,2,22,1,22,2,1,1,22,4,0.9749279121818236,-0.2225209339563143,0.4999999999999999,0.8660254037844387,0,0,0
23/01/2025,0.0,0,0.0,9,5.285714285714286,16.0,24.6,20.4,30.9,1.0,3.0,1011.6,20.48710060119629,1,10.5,1,0,0,3,23,1,23,3,1,1,23,4,0.4338837391175582,-0.900968867902419,0.4999999999999999,0.8660254037844387,0,0,0
24/01/2025,0.0,0,0.0,3,5.285714285714286,26.0,17.0,12.6,21.1,0.5,11.8,1014.9,20.37883949279785,1,8.500000000000002,1,0,0,4,24,1,24,4,1,1,24,4,-0.433883739117558,-0.9009688679024191,0.4999999999999999,0.8660254037844387,0,0,1
25/01/2025,0.0,0,0.0,0,4.571428571428571,10.0,19.9,12.1,25.8,1.5,11.0,1014.1,20.3788,1,13.7,1,0,1,5,25,1,25,5,1,1,25,4,-0.9749279121818236,-0.2225209339563146,0.4999999999999999,0.8660254037844387,1,0,0
26/01/2025,0.0,0,0.0,5,3.571428571428572,20.0,21.7,14.6,28.7,0.6,9.6,1010.6,20.437,1,14.1,1,0,1,6,26,1,26,6,1,1,26,4,-0.7818314824680299,0.6234898018587334,0.4999999999999999,0.8660254037844387,1,0,0
27/01/2025,0.0,0,0.0,4,3.7142857142857135,19.0,15.1,9.4,20.5,0.4,11.0,1011.2,20.43696975708008,1,11.1,1,0,0,0,27,1,27,0,1,1,27,5,0.0,1.0,0.4999999999999999,0.8660254037844387,0,1,0
28/01/2025,0.0,0,0.0,3,3.857142857142857,33.0,26.4,20.5,30.8,0.7,10.6,1013.3,20.7283992767334,1,10.3,1,0,0,1,28,1,28,1,1,1,28,5,0.7818314824680298,0.6234898018587336,0.4999999999999999,0.8660254037844387,0,0,0
29/01/2025,0.0,0,0.0,5,4.142857142857143,25.0,21.2,16.8,25.6,0.1,10.1,1011.3,20.540000915527344,1,8.8,1,0,0,2,29,1,29,2,1,1,29,5,0.9749279121818236,-0.2225209339563143,0.4999999999999999,0.8660254037844387,0,0,0
30/01/2025,0.0,0,0.0,3,3.2857142857142856,24.0,16.4,11.9,22.9,0.4,9.5,1016.8,20.50180053710937,1,10.999999999999998,1,0,0,3,30,1,30,3,1,1,30,5,0.4338837391175582,-0.900968867902419,0.4999999999999999,0.8660254037844387,0,0,0
31/01/2025,1.0,0,0.0,9,4.142857142857143,12.0,15.0,10.6,20.1,0.6,8.6,1014.5,20.67447090148925,1,9.500000000000002,1,0,0,4,31,1,31,4,1,1,31,5,-0.433883739117558,-0.9009688679024191,0.4999999999999999,0.8660254037844387,0,0,1
01/02/2025,0.0,0,0.0,3,4.571428571428571,11.0,17.2,11.8,23.4,0.1,7.7,1015.8,20.6745,1,11.599999999999998,1,0,1,5,1,2,32,5,2,1,1,5,-0.9749279121818236,-0.2225209339563146,0.8660254037844386,0.5000000000000001,1,0,0
02/02/2025,0.0,0,0.0,2,4.142857142857143,8.0,16.0,9.8,23.6,0.7,8.5,1017.7,21.1694,1,13.8,1,0,1,6,2,2,33,6,2,1,2,5,-0.7818314824680299,0.6234898018587334,0.8660254037844386,0.5000000000000001,1,0,0
03/02/2025,0.0,0,0.0,1,3.7142857142857135,3.0,20.2,13.9,26.5,0.4,9.3,1011.6,21.16939926147461,1,12.6,1,0,0,0,3,2,34,0,2,1,3,6,0.0,1.0,0.8660254037844386,0.5000000000000001,0,1,0
04/02/2025,0.0,0,0.0,2,3.571428571428572,8.0,15.0,11.5,21.5,0.1,2.1,1015.8,20.385129928588867,1,10.0,1,0,0,1,4,2,35,1,2,1,4,6,0.7818314824680298,0.6234898018587336,0.8660254037844386,0.5000000000000001,0,0,0
05/02/2025,0.0,1,0.0,8,4.0,24.0,15.0,9.2,21.9,1.0,11.8,1010.8,20.512420654296875,1,12.7,1,0,0,2,5,2,36,2,2,1,5,6,0.9749279121818236,-0.2225209339563143,0.8660254037844386,0.5000000000000001,0,0,0
06/02/2025,0.0,0,0.0,8,4.714285714285714,18.0,18.5,13.8,25.5,1.2,10.2,1012.1,20.57372093200684,1,11.7,1,0,0,3,6,2,37,3,2,1,6,6,0.4338837391175582,-0.900968867902419,0.8660254037844386,0.5000000000000001,0,0,0
07/02/2025,0.0,0,0.0,5,4.142857142857143,28.0,20.2,17.0,23.4,0.3,5.2,1014.0,20.44339942932129,1,6.399999999999999,1,0,0,4,7,2,38,4,2,1,7,6,-0.433883739117558,-0.9009688679024191,0.8660254037844386,0.5000000000000001,0,0,1
08/02/2025,0.0,0,0.0,6,4.571428571428571,20.0,16.2,10.5,21.8,0.3,11.7,1018.4,20.4434,1,11.3,1,0,1,5,8,2,39,5,2,1,8,6,-0.9749279121818236,-0.2225209339563146,0.8660254037844386,0.5000000000000001,1,0,0
09/02/2025,0.0,0,0.0,8,5.428571428571429,9.0,26.3,21.4,34.2,0.5,11.0,1019.3,20.6003,1,12.800000000000004,1,0,1,6,9,2,40,6,2,1,9,6,-0.7818314824680299,0.6234898018587334,0.8660254037844386,0.5000000000000001,1,0,0
10/02/2025,0.0,0,0.0,1,5.428571428571429,11.0,19.8,12.3,27.7,0.3,6.9,1018.5,20.60030937194824,1,15.4,1,0,0,0,10,2,41,0,2,1,10,7,0.0,1.0,0.8660254037844386,0.5000000000000001,0,1,0
11/02/2025,0.0,0,0.0,0,5.142857142857143,23.0,25.5,22.2,32.4,0.1,4.4,1013.8,20.624610900878903,1,10.2,1,0,0,1,11,2,42,1,2,1,11,7,0.7818314824680298,0.6234898018587336,0.8660254037844386,0.5000000000000001,0,0,0
12/02/2025,0.0,0,0.0,3,4.428571428571429,44.0,21.3,17.9,24.4,0.5,5.9,1012.5,20.546720504760746,1,6.5,1,0,0,2,12,2,43,2,2,1,12,7,0.9749279121818236,-0.2225209339563143,0.8660254037844386,0.5000000000000001,0,0,0
13/02/2025,0.0,0,0.0,5,4.0,30.0,21.2,13.5,27.0,0.2,2.1,1011.2,20.54348945617676,1,13.5,1,0,0,3,13,2,44,3,2,1,13,7,0.4338837391175582,-0.900968867902419,0.8660254037844386,0.5000000000000001,0,0,0
14/02/2025,0.0,0,0.0,4,3.857142857142857,0.0,25.1,19.5,32.1,0.8,8.9,1017.8,20.415189743041992,1,12.6,1,0,0,4,14,2,45,4,2,1,14,7,-0.433883739117558,-0.9009688679024191,0.8660254037844386,0.5000000000000001,0,0,1
15/02/2025,1.0,0,0.0,0,3.0,0.0,25.5,20.0,28.9,0.3,5.2,1018.0,20.4152,1,8.899999999999999,1,0,1,5,15,2,46,5,2,1,15,7,-0.9749279121818236,-0.2225209339563146,0.8660254037844386,0.5000000000000001,1,0,0
16/02/2025,0.0,0,0.0,7,2.857142857142857,53.0,19.5,12.7,23.9,0.4,3.6,1019.1,20.3124,1,11.2,1,0,1,6,16,2,47,6,2,1,16,7,-0.7818314824680299,0.6234898018587334,0.8660254037844386,0.5000000000000001,1,0,0
17/02/2025,0.0,0,0.0,12,4.428571428571429,13.0,15.0,11.5,21.6,0.3,11.6,1017.8,20.312389373779297,1,10.1,1,0,0,0,17,2,48,0,2,1,17,8,0.0,1.0,0.8660254037844386,0.5000000000000001,0,1,0
18/02/2025,0.0,0,0.0,5,5.142857142857143,25.0,24.8,18.2,31.3,0.6,4.1,1019.3,20.272600173950195,1,13.1,1,0,0,1,18,2,49,1,2,1,18,8,0.7818314824680298,0.6234898018587336,0.8660254037844386,0.5000000000000001,0,0,0
19/02/2025,0.0,0,0.0,4,5.285714285714286,23.0,16.3,10.7,20.9,0.6,7.4,1019.7,20.23780059814453,1,10.2,1,0,0,2,19,2,50,2,2,1,19,8,0.9749279121818236,-0.2225209339563143,0.8660254037844386,0.5000000000000001,0,0,0
20/02/2025,0.0,0,0.0,5,5.285714285714286,34.0,21.1,18.0,25.2,1.4,11.3,1017.8,20.45240020751953,1,7.199999999999999,1,0,0,3,20,2,51,3,2,1,20,8,0.4338837391175582,-0.900968867902419,0.8660254037844386,0.5000000000000001,0,0,0
21/02/2025,0.0,0,0.0,5,5.428571428571429,18.0,20.6,13.0,23.6,0.4,8.2,1011.7,20.29400062561035,1,10.6,1,0,0,4,21,2,52,4,2,1,21,8,-0.433883739117558,-0.9009688679024191,0.8660254037844386,0.5000000000000001,0,0,1
22/02/2025,0.0,0,0.0,5,6.142857142857143,0.0,21.6,18.2,29.0,0.3,10.8,1010.3,20.294,1,10.8,1,0,1,5,22,2,53,5,2,1,22,8,-0.9749279121818236,-0.2225209339563146,0.8660254037844386,0.5000000000000001,1,0,0
23/02/2025,0.0,0,0.0,7,6.142857142857143,0.0,17.2,10.4,21.9,0.1,4.9,1017.8,20.3828,1,11.499999999999998,1,0,1,6,23,2,54,6,2,1,23,8,-0.7818314824680299,0.6234898018587334,0.8660254037844386,0.5000000000000001,1,0,0
24/02/2025,0.0,0,0.0,6,5.285714285714286,34.0,22.4,18.7,25.6,0.1,2.9,1018.0,20.38282966613769,1,6.900000000000002,1,0,0,0,24,2,55,0,2,1,24,9,0.0,1.0,0.8660254037844386,0.5000000000000001,0,1,0
25/02/2025,0.0,0,1.0,1,4.714285714285714,21.0,15.8,9.7,22.0,0.2,7.8,1013.2,20.48111915588379,1,12.3,1,0,0,1,25,2,56,1,2,1,25,9,0.7818314824680298,0.6234898018587336,0.8660254037844386,0.5000000000000001,0,0,0
26/02/2025,0.0,0,1.0,4,4.714285714285714,28.0,15.0,7.4,18.5,0.6,5.5,1014.3,20.45750999450684,1,11.1,1,0,0,2,26,2,57,2,2,1,26,9,0.9749279121818236,-0.2225209339563143,0.8660254037844386,0.5000000000000001,0,0,0
27/02/2025,0.0,0,1.0,3,4.428571428571429,20.0,15.9,9.2,21.3,0.4,3.5,1010.2,20.394800186157227,1,12.1,1,0,0,3,27,2,58,3,2,1,27,9,0.4338837391175582,-0.900968867902419,0.8660254037844386,0.5000000000000001,0,0,0
28/02/2025,1.0,0,0.0,4,4.285714285714286,25.0,22.3,17.5,28.2,0.2,11.3,1014.6,20.45759963989257,1,10.7,1,0,0,4,28,2,59,4,2,1,28,9,-0.433883739117558,-0.9009688679024191,0.8660254037844386,0.5000000000000001,0,0,1
01/03/2025,0.0,0,0.0,2,3.857142857142857,35.0,25.6,20.4,32.0,0.4,5.1,1011.4,20.4576,1,11.6,1,0,1,5,1,3,60,5,3,1,1,9,-0.9749279121818236,-0.2225209339563146,1.0,6.123233995736766e-17,1,0,0
02/03/2025,0.0,0,0.0,4,3.4285714285714284,7.0,21.4,15.0,28.0,0.8,10.1,1018.7,20.5145,1,13.0,1,0,1,6,2,3,61,6,3,1,2,9,-0.7818314824680299,0.6234898018587334,1.0,6.123233995736766e-17,1,0,0
03/03/2025,0.0,0,0.0,8,3.7142857142857135,4.0,26.8,19.4,32.0,0.3,2.4,1012.5,20.514450073242188,1,12.6,1,0,0,0,3,3,62,0,3,1,3,10,0.0,1.0,1.0,6.123233995736766e-17,0,1,0
04/03/2025,0.0,0,0.0,2,3.857142857142857,25.0,17.8,12.7,25.7,0.8,9.6,1014.3,20.72570037841797,1,13.0,1,0,0,1,4,3,63,1,3,1,4,10,0.7818314824680298,0.6234898018587336,1.0,6.123233995736766e-17,0,0,0
05/03/2025,0.0,0,0.0,4,3.857142857142857,0.0,23.9,16.9,29.2,0.4,6.9,1012.4,20.530500411987305,1,12.3,1,0,0,2,5,3,64,2,3,1,5,10,0.9749279121818236,-0.2225209339563143,1.0,6.123233995736766e-17,0,0,0
06/03/2025,0.0,0,0.0,5,4.142857142857143,0.0,28.3,22.5,34.7,0.1,10.4,1013.2,20.40278053283692,1,12.200000000000005,1,0,0,3,6,3,65,3,3,1,6,10,0.4338837391175582,-0.900968867902419,1.0,6.123233995736766e-17,0,0,0
07/03/2025,0.0,0,0.0,2,3.857142857142857,0.0,21.9,14.7,29.2,0.0,10.3,1012.5,20.27794075012207,1,14.5,0,0,0,4,7,3,66,4,3,1,7,10,-0.433883739117558,-0.9009688679024191,1.0,6.123233995736766e-17,0,0,1
08/03/2025,0.0,0,0.0,2,3.857142857142857,0.0,24.3,19.8,30.1,0.5,10.8,1019.3,20.2779,1,10.3,1,0,1,5,8,3,67,5,3,1,8,10,-0.9749279121818236,-0.2225209339563146,1.0,6.123233995736766e-17,1,0,0
09/03/2025,0.0,0,0.0,4,3.857142857142857,0.0,17.1,10.0,23.9,0.0,9.5,1019.7,20.2602,1,13.9,0,0,1,6,9,3,68,6,3,1,9,10,-0.7818314824680299,0.6234898018587334,1.0,6.123233995736766e-17,1,0,0
10/03/2025,0.0,0,0.0,4,3.2857142857142856,121.0,22.0,17.2,28.8,0.8,4.9,1018.5,20.26021957397461,1,11.6,1,0,0,0,10,3,69,0,3,1,10,11,0.0,1.0,1.0,6.123233995736766e-17,0,1,0
11/03/2025,0.0,0,0.0,3,3.4285714285714284,50.0,30.4,23.6,37.7,0.0,2.1,1013.8,20.35137939453125,1,14.1,0,0,0,1,11,3,70,1,3,1,11,11,0.7818314824680298,0.6234898018587336,1.0,6.123233995736766e-17,0,0,0
12/03/2025,0.0,0,0.0,5,3.571428571428572,27.0,25.3,17.8,29.4,0.9,6.2,1016.0,20.270299911499023,1,11.599999999999998,1,0,0,2,12,3,71,2,3,1,12,11,0.9749279121818236,-0.2225209339563143,1.0,6.123233995736766e-17,0,0,0
13/03/2025,0.0,0,0.0,3,3.2857142857142856,12.0,24.3,17.6,30.2,0.5,9.1,1018.4,20.17443084716797,1,12.599999999999998,1,0,0,3,13,3,72,3,3,1,13,11,0.4338837391175582,-0.900968867902419,1.0,6.123233995736766e-17,0,0,0
14/03/2025,0.0,0,0.0,5,3.7142857142857135,17.0,27.5,21.1,32.9,0.1,7.0,1018.5,20.08284950256348,1,11.799999999999995,1,0,0,4,14,3,73,4,3,1,14,11,-0.433883739117558,-0.9009688679024191,1.0,6.123233995736766e-17,0,0,1
15/03/2025,1.0,0,0.0,7,4.428571428571429,17.0,26.7,19.8,32.8,0.1,2.4,1014.0,20.0828,1,12.999999999999996,1,0,1,5,15,3,74,5,3,1,15,11,-0.9749279121818236,-0.2225209339563146,1.0,6.123233995736766e-17,1,0,0
16/03/2025,0.0,0,0.0,5,4.571428571428571,10.0,22.3,14.6,29.3,0.2,10.4,1019.7,19.9253,1,14.7,1,0,1,6,16,3,75,6,3,1,16,11,-0.7818314824680299,0.6234898018587334,1.0,6.123233995736766e-17,1,0,0
17/03/2025,0.0,0,0.0,5,4.714285714285714,3.0,28.7,25.1,34.3,0.4,5.5,1018.6,19.92527961730957,1,9.199999999999996,1,0,0,0,17,3,76,0,3,1,17,12,0.0,1.0,1.0,6.123233995736766e-17,0,1,0
18/03/2025,0.0,0,0.0,2,4.571428571428571,12.0,25.7,17.7,30.1,0.2,5.1,1016.6,19.95507049560547,1,12.400000000000002,1,0,0,1,18,3,77,1,3,1,18,12,0.7818314824680298,0.6234898018587336,1.0,6.123233995736766e-17,0,0,0
19/03/2025,0.0,0,0.0,5,4.571428571428571,33.0,26.4,22.6,31.7,0.4,9.8,1013.2,19.90415954589844,1,9.099999999999998,1,0,0,2,19,3,78,2,3,1,19,12,0.9749279121818236,-0.2225209339563143,1.0,6.123233995736766e-17,0,0,0
20/03/2025,0.0,0,0.0,4,4.714285714285714,29.0,24.3,20.9,29.9,0.1,5.0,1014.7,20.0231990814209,1,9.0,1,0,0,3,20,3,79,3,3,1,20,12,0.4338837391175582,-0.900968867902419,1.0,6.123233995736766e-17,0,0,0
21/03/2025,0.0,1,0.0,6,4.857142857142857,25.0,18.5,11.0,22.7,0.1,6.6,1019.1,20.127500534057617,1,11.7,1,0,0,4,21,3,80,4,3,1,21,12,-0.433883739117558,-0.9009688679024191,1.0,6.123233995736766e-17,0,0,1
22/03/2025,0.0,0,0.0,3,4.285714285714286,25.0,24.0,17.0,29.9,1.4,6.0,1016.9,20.1275,1,12.9,1,0,1,5,22,3,81,5,3,1,22,12,-0.9749279121818236,-0.2225209339563146,1.0,6.123233995736766e-17,1,0,0
23/03/2025,0.0,0,0.0,5,4.285714285714286,5.0,20.5,14.8,23.7,0.4,10.2,1019.8,20.2102,1,8.899999999999999,1,0,1,6,23,3,82,6,3,1,23,12,-0.7818314824680299,0.6234898018587334,1.0,6.123233995736766e-17,1,0,0
24/03/2025,0.0,0,0.0,3,4.0,7.0,23.5,19.4,27.1,0.0,10.8,1010.7,20.21017074584961,1,7.700000000000003,0,0,0,0,24,3,83,0,3,1,24,13,0.0,1.0,1.0,6.123233995736766e-17,0,1,0
25/03/2025,0.0,0,0.0,4,4.285714285714286,35.0,24.2,17.5,30.9,1.0,6.5,1013.6,20.03787040710449,1,13.4,1,0,0,1,25,3,84,1,3,1,25,13,0.7818314824680298,0.6234898018587336,1.0,6.123233995736766e-17,0,0,0
26/03/2025,0.0,0,0.0,8,4.714285714285714,18.0,27.8,24.1,35.1,0.4,11.4,1016.6,20.03199958801269,1,11.0,1,0,0,2,26,3,85,2,3,1,26,13,0.9749279121818236,-0.2225209339563143,1.0,6.123233995736766e-17,0,0,0
27/03/2025,0.0,0,0.0,12,5.857142857142857,24.0,25.6,17.9,33.0,0.2,11.0,1016.5,20.257049560546875,1,15.1,1,0,0,3,27,3,86,3,3,1,27,13,0.4338837391175582,-0.900968867902419,1.0,6.123233995736766e-17,0,0,0
28/03/2025,0.0,0,0.0,3,5.428571428571429,22.0,24.8,17.9,31.2,0.0,3.7,1017.9,20.28199958801269,1,13.3,0,0,0,4,28,3,87,4,3,1,28,13,-0.433883739117558,-0.9009688679024191,1.0,6.123233995736766e-17,0,0,1
29/03/2025,0.0,0,0.0,3,5.428571428571429,24.0,24.0,20.5,30.7,0.4,2.2,1015.4,20.282,1,10.2,1,0,1,5,29,3,88,5,3,1,29,13,-0.9749279121818236,-0.2225209339563146,1.0,6.123233995736766e-17,1,0,0
30/03/2025,0.0,0,0.0,5,5.428571428571429,2.0,22.7,16.7,30.3,2.8,9.9,1013.7,20.3801,1,13.6,1,0,1,6,30,3,89,6,3,1,30,13,-0.7818314824680299,0.6234898018587334,1.0,6.123233995736766e-17,1,0,0
31/03/2025,1.0,0,0.0,4,5.571428571428571,25.0,29.5,24.2,35.3,0.1,11.7,1010.5,20.380090713500977,1,11.099999999999998,1,0,0,0,31,3,90,0,3,1,31,14,0.0,1.0,1.0,6.123233995736766e-17,0,1,0
01/04/2025,0.0,0,0.0,3,5.428571428571429,12.0,27.4,23.9,34.0,0.2,2.2,1012.8,20.474029541015625,1,10.1,1,0,0,1,1,4,91,1,4,2,1,14,0.7818314824680298,0.6234898018587336,0.8660254037844387,-0.4999999999999998,0,0,0
02/04/2025,0.0,0,0.0,1,4.428571428571429,38.0,27.1,21.0,32.0,0.4,7.4,1016.4,20.328340530395508,1,11.0,1,0,0,2,2,4,92,2,4,2,2,14,0.9749279121818236,-0.2225209339563143,0.8660254037844387,-0.4999999999999998,0,0,0
03/04/2025,0.0,0,0.0,3,3.142857142857143,29.0,33.1,29.8,38.8,4.5,5.0,1014.4,20.25830078125,1,8.999999999999996,1,0,0,3,3,4,93,3,4,2,3,14,0.4338837391175582,-0.900968867902419,0.8660254037844387,-0.4999999999999998,0,0,0
04/04/2025,0.0,0,0.0,5,3.4285714285714284,20.0,23.4,19.5,26.6,0.2,8.5,1015.5,19.93221092224121,1,7.100000000000001,1,0,0,4,4,4,94,4,4,2,4,14,-0.433883739117558,-0.9009688679024191,0.8660254037844387,-0.4999999999999998,0,0,1
05/04/2025,0.0,0,0.0,2,3.2857142857142856,25.0,28.7,23.4,32.2,0.2,3.6,1012.5,19.9322,1,8.800000000000004,1,0,1,5,5,4,95,5,4,2,5,14,-0.9749279121818236,-0.2225209339563146,0.8660254037844387,-0.4999999999999998,1,0,0
06/04/2025,0.0,0,0.0,4,3.142857142857143,0.0,29.6,24.5,37.4,0.1,4.7,1017.3,20.6217,1,12.9,1,0,1,6,6,4,96,6,4,2,6,14,-0.7818314824680299,0.6234898018587334,0.8660254037844387,-0.4999999999999998,1,0,0
07/04/2025,0.0,0,0.0,16,4.857142857142857,21.0,29.0,23.3,33.7,0.1,9.5,1011.7,20.621700286865234,1,10.400000000000002,1,0,0,0,7,4,97,0,4,2,7,15,0.0,1.0,0.8660254037844387,-0.4999999999999998,0,1,0
08/04/2025,0.0,0,0.0,3,4.857142857142857,18.0,24.6,19.0,30.2,0.5,3.3,1014.3,20.69655036926269,1,11.2,1,0,0,1,8,4,98,1,4,2,8,15,0.7818314824680298,0.6234898018587336,0.8660254037844387,-0.4999999999999998,0,0,0
09/04/2025,0.0,0,0.0,7,5.714285714285714,24.0,26.9,23.5,31.7,0.2,4.7,1013.4,20.836240768432617,1,8.2,1,0,0,2,9,4,99,2,4,2,9,15,0.9749279121818236,-0.2225209339563143,0.8660254037844387,-0.4999999999999998,0,0,0
10/04/2025,0.0,0,0.0,4,5.857142857142857,26.0,30.8,24.2,36.9,0.4,5.5,1010.9,20.33354949951172,1,12.7,1,0,0,3,10,4,100,3,4,2,10,15,0.4338837391175582,-0.900968867902419,0.8660254037844387,-0.4999999999999998,0,0,0
11/04/2025,0.0,0,0.0,1,5.285714285714286,22.0,30.4,26.3,37.9,0.6,9.2,1010.4,20.594459533691406,1,11.599999999999998,1,0,0,4,11,4,101,4,4,2,11,15,-0.433883739117558,-0.9009688679024191,0.8660254037844387,-0.4999999999999998,0,0,1
12/04/2025,0.0,0,0.0,7,6.0,34.0,31.6,26.0,35.4,0.8,10.1,1016.5,20.5945,1,9.4,1,0,1,5,12,4,102,5,4,2,12,15,-0.9749279121818236,-0.2225209339563146,0.8660254037844387,-0.4999999999999998,1,0,0
13/04/2025,0.0,0,0.0,6,6.285714285714286,6.0,25.3,20.4,30.5,0.9,5.0,1011.4,20.2768,1,10.1,1,0,1,6,13,4,103,6,4,2,13,15,-0.7818314824680299,0.6234898018587334,0.8660254037844387,-0.4999999999999998,1,0,0
14/04/2025,0.0,0,0.0,4,4.571428571428571,4.0,32.1,24.2,35.8,0.2,6.5,1018.3,20.276779174804688,1,11.599999999999998,1,0,0,0,14,4,104,0,4,2,14,16,0.0,1.0,0.8660254037844387,-0.4999999999999998,0,1,0
15/04/2025,1.0,0,0.0,4,4.714285714285714,26.0,31.7,28.7,35.0,0.7,7.2,1015.8,20.07990074157715,1,6.300000000000001,1,0,0,1,15,4,105,1,4,2,15,16,0.7818314824680298,0.6234898018587336,0.8660254037844387,-0.4999999999999998,0,0,0
16/04/2025,0.0,0,0.0,3,4.142857142857143,45.0,29.4,22.5,35.4,0.2,3.1,1011.0,20.125429153442383,1,12.9,1,0,0,2,16,4,106,2,4,2,16,16,0.9749279121818236,-0.2225209339563143,0.8660254037844387,-0.4999999999999998,0,0,0
17/04/2025,0.0,0,0.0,5,4.285714285714286,15.0,30.7,23.6,34.9,0.1,8.2,1012.8,19.91530036926269,1,11.299999999999995,1,0,0,3,17,4,107,3,4,2,17,16,0.4338837391175582,-0.900968867902419,0.8660254037844387,-0.4999999999999998,0,0,0
18/04/2025,0.0,0,0.0,2,4.428571428571429,5.0,31.8,28.7,39.2,0.2,5.3,1011.7,19.9153,1,10.500000000000004,1,0,0,4,18,4,108,4,4,2,18,16,-0.433883739117558,-0.9009688679024191,0.8660254037844387,-0.4999999999999998,0,0,1
19/04/2025,0.0,0,0.0,0,3.4285714285714284,5.0,26.8,21.9,33.6,0.5,4.5,1014.6,19.9153,1,11.700000000000005,1,0,1,5,19,4,109,5,4,2,19,16,-0.9749279121818236,-0.2225209339563146,0.8660254037844387,-0.4999999999999998,1,0,0
20/04/2025,0.0,0,0.0,0,2.571428571428572,2.0,27.7,22.1,33.4,1.0,2.3,1019.1,19.7033,0,11.299999999999995,1,0,1,6,20,4,110,6,4,2,20,16,-0.7818314824680299,0.6234898018587334,0.8660254037844387,-0.4999999999999998,1,0,0
21/04/2025,0.0,0,0.0,6,2.857142857142857,21.0,23.3,19.0,28.2,0.1,10.7,1015.1,19.7033,0,9.2,1,0,0,0,21,4,111,0,4,2,21,17,0.0,1.0,0.8660254037844387,-0.4999999999999998,0,1,0
22/04/2025,0.0,0,0.0,20,5.142857142857143,32.0,28.8,20.8,36.0,1.7,2.2,1010.7,19.70330047607422,0,15.2,1,0,0,1,22,4,112,1,4,2,22,17,0.7818314824680298,0.6234898018587336,0.8660254037844387,-0.4999999999999998,0,0,0
23/04/2025,0.0,0,0.0,6,5.571428571428571,18.0,29.5,23.8,33.6,0.2,5.6,1016.9,19.615190505981445,0,9.8,1,0,0,2,23,4,113,2,4,2,23,17,0.9749279121818236,-0.2225209339563143,0.8660254037844387,-0.4999999999999998,0,0,0
24/04/2025,0.0,0,0.0,3,5.285714285714286,21.0,29.4,22.1,35.0,1.0,4.0,1012.0,19.624399185180664,0,12.9,1,0,0,3,24,4,114,3,4,2,24,17,0.4338837391175582,-0.900968867902419,0.8660254037844387,-0.4999999999999998,0,0,0
25/04/2025,0.0,0,1.0,3,5.428571428571429,19.0,32.5,26.6,38.8,0.0,10.5,1017.2,19.600000381469727,0,12.199999999999996,0,0,0,4,25,4,115,4,4,2,25,17,-0.433883739117558,-0.9009688679024191,0.8660254037844387,-0.4999999999999998,0,0,1
26/04/2025,0.0,0,1.0,6,6.285714285714286,19.0,27.3,19.6,32.6,0.1,8.6,1017.0,19.6,0,13.0,1,0,1,5,26,4,116,5,4,2,26,17,-0.9749279121818236,-0.2225209339563146,0.8660254037844387,-0.4999999999999998,1,0,0
27/04/2025,0.0,0,1.0,5,7.0,9.0,23.9,19.8,29.6,0.5,2.2,1018.2,19.5352,0,9.8,1,0,1,6,27,4,117,6,4,2,27,17,-0.7818314824680299,0.6234898018587334,0.8660254037844387,-0.4999999999999998,1,0,0
28/04/2025,0.0,0,0.0,5,6.857142857142857,23.0,31.4,27.0,38.2,0.0,3.4,1017.7,19.535160064697266,0,11.200000000000005,0,0,0,0,28,4,118,0,4,2,28,18,0.0,1.0,0.8660254037844387,-0.4999999999999998,0,1,0
29/04/2025,0.0,0,0.0,3,4.428571428571429,25.0,29.5,21.6,35.3,0.8,9.5,1010.2,19.57309913635254,0,13.699999999999996,1,0,0,1,29,4,119,1,4,2,29,18,0.7818314824680298,0.6234898018587336,0.8660254037844387,-0.4999999999999998,0,0,0
30/04/2025,1.0,0,0.0,7,4.571428571428571,23.0,32.6,26.2,38.7,2.0,3.8,1013.2,19.54019927978516,0,12.500000000000004,1,0,0,2,30,4,120,2,4,2,30,18,0.9749279121818236,-0.2225209339563143,0.8660254037844387,-0.4999999999999998,0,0,0
01/05/2025,0.0,1,0.0,7,5.142857142857143,25.0,28.9,22.1,36.2,0.4,3.8,1019.6,19.589000701904297,0,14.1,1,0,0,3,1,5,121,3,5,2,1,18,0.4338837391175582,-0.900968867902419,0.4999999999999999,-0.8660254037844387,0,0,0
02/05/2025,0.0,0,0.0,6,5.571428571428571,15.0,31.0,25.5,34.3,1.1,5.2,1013.3,19.600889205932617,0,8.799999999999997,1,0,0,4,2,5,122,4,5,2,2,18,-0.433883739117558,-0.9009688679024191,0.4999999999999999,-0.8660254037844387,0,0,1
03/05/2025,0.0,0,0.0,2,5.0,25.0,24.7,19.7,27.8,0.6,6.7,1016.8,19.6009,0,8.100000000000001,1,0,1,5,3,5,123,5,5,2,3,18,-0.9749279121818236,-0.2225209339563146,0.4999999999999999,-0.8660254037844387,1,0,0
04/05/2025,0.0,0,0.0,7,5.285714285714286,3.0,29.5,22.6,35.3,0.5,8.7,1012.4,19.6101,0,12.699999999999996,1,0,1,6,4,5,124,6,5,2,4,18,-0.7818314824680299,0.6234898018587334,0.4999999999999999,-0.8660254037844387,1,0,0
05/05/2025,0.0,0,0.0,7,5.571428571428571,29.0,28.4,21.0,34.2,0.9,6.6,1019.3,19.610090255737305,0,13.200000000000005,1,0,0,0,5,5,125,0,5,2,5,19,0.0,1.0,0.4999999999999999,-0.8660254037844387,0,1,0
06/05/2025,0.0,0,0.0,12,6.857142857142857,37.0,33.0,27.8,36.3,1.1,2.5,1017.8,19.673200607299805,0,8.499999999999996,1,0,0,1,6,5,126,1,5,2,6,19,0.7818314824680298,0.6234898018587336,0.4999999999999999,-0.8660254037844387,0,0,0
07/05/2025,0.0,0,0.0,6,6.714285714285714,29.0,32.7,27.9,39.1,0.3,5.7,1014.2,19.644620895385746,0,11.200000000000005,1,0,0,2,7,5,127,2,5,2,7,19,0.9749279121818236,-0.2225209339563143,0.4999999999999999,-0.8660254037844387,0,0,0
08/05/2025,0.0,0,0.0,6,6.571428571428571,20.0,34.8,28.7,38.7,0.3,11.6,1012.7,19.60308074951172,0,10.000000000000004,1,0,0,3,8,5,128,3,5,2,8,19,0.4338837391175582,-0.900968867902419,0.4999999999999999,-0.8660254037844387,0,0,0
09/05/2025,0.0,0,0.0,4,6.285714285714286,22.0,34.8,31.1,37.8,0.3,2.9,1019.8,19.518699645996094,0,6.699999999999996,1,0,0,4,9,5,129,4,5,2,9,19,-0.433883739117558,-0.9009688679024191,0.4999999999999999,-0.8660254037844387,0,0,1
10/05/2025,0.0,0,0.0,0,6.0,27.0,27.8,20.2,35.5,0.5,11.9,1019.1,19.5187,0,15.3,1,0,1,5,10,5,130,5,5,2,10,19,-0.9749279121818236,-0.2225209339563146,0.4999999999999999,-0.8660254037844387,1,0,0
11/05/2025,0.0,0,0.0,4,5.571428571428571,2.0,28.7,22.3,32.0,0.1,2.2,1015.8,19.4416,0,9.7,1,0,1,6,11,5,131,6,5,2,11,19,-0.7818314824680299,0.6234898018587334,0.4999999999999999,-0.8660254037844387,1,0,0
12/05/2025,0.0,0,0.0,5,5.285714285714286,14.0,27.4,20.4,33.7,1.2,3.7,1011.5,19.44164085388184,0,13.300000000000004,1,0,0,0,12,5,132,0,5,2,12,20,0.0,1.0,0.4999999999999999,-0.8660254037844387,0,1,0
13/05/2025,0.0,0,0.0,9,4.857142857142857,38.0,29.0,25.5,35.5,2.0,6.0,1018.2,19.60740089416504,0,10.0,1,0,0,1,13,5,133,1,5,2,13,20,0.7818314824680298,0.6234898018587336,0.4999999999999999,-0.8660254037844387,0,0,0
14/05/2025,0.0,0,0.0,10,5.428571428571429,35.0,29.8,23.7,34.4,0.1,7.3,1012.9,19.39310073852539,0,10.7,1,0,0,2,14,5,134,2,5,2,14,20,0.9749279121818236,-0.2225209339563143,0.4999999999999999,-0.8660254037844387,0,0,0
15/05/2025,1.0,0,0.0,13,6.428571428571429,30.0,31.0,26.1,39.0,0.4,3.6,1019.3,19.383060455322266,0,12.9,1,0,0,3,15,5,135,3,5,2,15,20,0.4338837391175582,-0.900968867902419,0.4999999999999999,-0.8660254037844387,0,0,0
16/05/2025,0.0,0,0.0,9,7.142857142857143,36.0,29.8,23.9,35.5,0.8,9.6,1013.1,19.471399307250977,0,11.6,1,0,0,4,16,5,136,4,5,2,16,20,-0.433883739117558,-0.9009688679024191,0.4999999999999999,-0.8660254037844387,0,0,1
17/05/2025,0.0,0,0.0,2,7.428571428571429,34.0,26.6,20.3,32.0,1.0,6.0,1017.8,19.4714,0,11.7,1,0,1,5,17,5,137,5,5,2,17,20,-0.9749279121818236,-0.2225209339563146,0.4999999999999999,-0.8660254037844387,1,0,0
18/05/2025,0.0,0,0.0,5,7.571428571428571,6.0,32.9,29.3,40.1,0.3,8.3,1013.6,19.4512,0,10.8,1,0,1,6,18,5,138,6,5,2,18,20,-0.7818314824680299,0.6234898018587334,0.4999999999999999,-0.8660254037844387,1,0,0
19/05/2025,0.0,0,0.0,6,7.714285714285714,15.0,32.0,27.6,35.9,0.1,10.5,1018.5,19.451169967651367,0,8.299999999999997,1,0,0,0,19,5,139,0,5,2,19,21,0.0,1.0,0.4999999999999999,-0.8660254037844387,0,1,0
20/05/2025,0.0,0,0.0,3,6.857142857142857,32.0,36.3,33.0,43.5,1.6,8.8,1014.1,19.284900665283203,0,10.5,1,0,0,1,20,5,140,1,5,2,20,21,0.7818314824680298,0.6234898018587336,0.4999999999999999,-0.8660254037844387,0,0,0
21/05/2025,0.0,0,0.0,2,5.714285714285714,8.0,36.6,32.8,40.6,0.1,8.9,1013.2,19.26931953430176,0,7.800000000000004,1,0,0,2,21,5,141,2,5,2,21,21,0.9749279121818236,-0.2225209339563143,0.4999999999999999,-0.8660254037844387,0,0,0
22/05/2025,0.0,0,0.0,4,4.428571428571429,0.0,36.3,32.6,42.5,0.4,8.7,1011.6,19.36680030822754,0,9.9,1,0,0,3,22,5,142,3,5,2,22,21,0.4338837391175582,-0.900968867902419,0.4999999999999999,-0.8660254037844387,0,0,0
23/05/2025,0.0,0,0.0,5,3.857142857142857,24.0,29.2,24.8,33.8,0.1,11.0,1017.6,19.32110023498535,0,8.999999999999996,1,0,0,4,23,5,143,4,5,2,23,21,-0.433883739117558,-0.9009688679024191,0.4999999999999999,-0.8660254037844387,0,0,1
24/05/2025,0.0,0,0.0,7,4.571428571428571,5.0,31.9,26.6,37.8,0.3,3.2,1018.3,19.3211,0,11.199999999999996,1,0,1,5,24,5,144,5,5,2,24,21,-0.9749279121818236,-0.2225209339563146,0.4999999999999999,-0.8660254037844387,1,0,0
25/05/2025,0.0,0,0.0,7,4.857142857142857,10.0,28.8,24.7,31.8,0.1,2.6,1015.9,19.2048,0,7.100000000000001,1,0,1,6,25,5,145,6,5,2,25,21,-0.7818314824680299,0.6234898018587334,0.4999999999999999,-0.8660254037844387,1,0,0
26/05/2025,0.0,0,0.0,7,5.0,5.0,31.2,28.1,34.4,0.7,5.7,1012.4,19.20479965209961,0,6.299999999999997,1,0,0,0,26,5,146,0,5,2,26,22,0.0,1.0,0.4999999999999999,-0.8660254037844387,0,1,0
27/05/2025,0.0,0,0.0,6,5.428571428571429,29.0,30.3,27.0,35.4,0.1,3.1,1011.9,19.24555969238281,0,8.399999999999999,1,0,0,1,27,5,147,1,5,2,27,22,0.7818314824680298,0.6234898018587336,0.4999999999999999,-0.8660254037844387,0,0,0
28/05/2025,0.0,0,0.0,8,6.285714285714286,33.0,29.8,24.8,36.6,0.7,3.4,1016.6,19.252700805664062,0,11.8,1,0,0,2,28,5,148,2,5,2,28,22,0.9749279121818236,-0.2225209339563143,0.4999999999999999,-0.8660254037844387,0,0,0
29/05/2025,0.0,0,0.0,4,6.285714285714286,27.0,33.0,28.3,36.9,0.1,3.3,1016.2,19.385150909423828,0,8.599999999999998,1,0,0,3,29,5,149,3,5,2,29,22,0.4338837391175582,-0.900968867902419,0.4999999999999999,-0.8660254037844387,0,0,0
30/05/2025,0.0,0,0.0,6,6.428571428571429,31.0,31.5,26.9,38.8,0.2,4.3,1013.4,19.30010032653809,0,11.9,1,0,0,4,30,5,150,4,5,2,30,22,-0.433883739117558,-0.9009688679024191,0.4999999999999999,-0.8660254037844387,0,0,1
31/05/2025,1.0,0,0.0,9,6.714285714285714,32.0,28.0,20.4,32.4,0.0,5.8,1019.1,19.3001,0,12.0,0,0,1,5,31,5,151,5,5,2,31,22,-0.9749279121818236,-0.2225209339563146,0.4999999999999999,-0.8660254037844387,1,0,0
01/06/2025,0.0,0,0.0,12,7.428571428571429,,30.5,24.5,34.6,0.2,4.8,1015.3,19.4225,0,10.1,1,0,1,6,1,6,152,6,6,2,1,22,-0.7818314824680299,0.6234898018587334,1.2246467991473532e-16,-1.0,1,0,0
02/06/2025,0.0,0,0.0,8,7.571428571428571,,32.3,24.5,40.1,0.9,5.9,1012.8,19.42250061035156,0,15.6,1,0,0,0,2,6,153,0,6,2,2,23,0.0,1.0,1.2246467991473532e-16,-1.0,0,1,0
03/06/2025,0.0,0,0.0,5,7.428571428571429,,29.8,22.4,37.1,0.6,11.7,1010.0,19.19219970703125,0,14.700000000000005,1,0,0,1,3,6,154,1,6,2,3,23,0.7818314824680298,0.6234898018587336,1.2246467991473532e-16,-1.0,0,0,0
04/06/2025,0.0,0,0.0,6,7.142857142857143,,28.9,23.0,33.7,1.0,11.9,1011.8,19.224300384521484,0,10.700000000000005,1,0,0,2,4,6,155,2,6,2,4,23,0.9749279121818236,-0.2225209339563143,1.2246467991473532e-16,-1.0,0,0,0
05/06/2025,0.0,0,0.0,4,7.142857142857143,,31.2,27.1,34.9,0.0,11.6,1019.4,19.199350357055664,0,7.799999999999997,0,0,0,3,5,6,156,3,6,2,5,23,0.4338837391175582,-0.900968867902419,1.2246467991473532e-16,-1.0,0,0,0
06/06/2025,0.0,0,0.0,16,8.571428571428571,,34.5,30.7,39.6,0.3,7.6,1017.0,19.151159286499023,0,8.900000000000002,1,0,0,4,6,6,157,4,6,2,6,23,-0.433883739117558,-0.9009688679024191,1.2246467991473532e-16,-1.0,0,0,1
07/06/2025,0.0,0,0.0,6,8.142857142857142,,31.2,25.3,36.3,0.5,5.1,1017.8,19.1512,0,10.999999999999996,1,0,1,5,7,6,158,5,6,2,7,23,-0.9749279121818236,-0.2225209339563146,1.2246467991473532e-16,-1.0,1,0,0
08/06/2025,0.0,0,0.0,11,8.0,,34.8,28.3,42.5,1.1,8.3,1011.6,19.0976,0,14.2,1,0,1,6,8,6,159,6,6,2,8,23,-0.7818314824680299,0.6234898018587334,1.2246467991473532e-16,-1.0,1,0,0
09/06/2025,0.0,0,0.0,8,8.0,,33.1,26.9,37.3,0.6,11.7,1014.6,19.09762954711914,0,10.4,1,0,0,0,9,6,160,0,6,2,9,24,0.0,1.0,1.2246467991473532e-16,-1.0,0,1,0
10/06/2025,0.0,0,0.0,5,8.0,0.0,34.5,26.9,39.9,0.1,3.9,1015.6,19.03779983520508,0,13.0,1,0,0,1,10,6,161,1,6,2,10,24,0.7818314824680298,0.6234898018587336,1.2246467991473532e-16,-1.0,0,0,0
11/06/2025,0.0,0,0.0,3,7.571428571428571,71.0,33.6,27.0,40.2,0.5,8.5,1019.6,19.05875968933105,0,13.200000000000005,1,0,0,2,11,6,162,2,6,2,11,24,0.9749279121818236,-0.2225209339563143,1.2246467991473532e-16,-1.0,0,0,0
12/06/2025,0.0,0,0.0,8,8.142857142857142,23.0,33.5,27.1,41.3,1.6,5.8,1016.9,18.897050857543945,0,14.199999999999996,1,0,0,3,12,6,163,3,6,2,12,24,0.4338837391175582,-0.900968867902419,1.2246467991473532e-16,-1.0,0,0,0
13/06/2025,0.0,0,0.0,5,6.571428571428571,,34.2,26.5,41.9,1.6,2.0,1018.0,18.883209228515625,0,15.4,1,0,0,4,13,6,164,4,6,2,13,24,-0.433883739117558,-0.9009688679024191,1.2246467991473532e-16,-1.0,0,0,1
14/06/2025,0.0,0,0.0,8,6.857142857142857,33.0,36.5,31.2,39.8,0.1,8.7,1018.1,18.8832,0,8.599999999999998,1,0,1,5,14,6,165,5,6,2,14,24,-0.9749279121818236,-0.2225209339563146,1.2246467991473532e-16,-1.0,1,0,0
15/06/2025,1.0,0,0.0,10,6.714285714285714,14.0,31.7,26.5,35.2,0.1,3.8,1015.4,18.9478,0,8.700000000000003,1,0,1,6,15,6,166,6,6,2,15,24,-0.7818314824680299,0.6234898018587334,1.2246467991473532e-16,-1.0,1,0,0
16/06/2025,0.0,0,0.0,4,6.142857142857143,19.0,33.2,26.4,41.1,1.0,11.6,1019.8,18.947799682617188,0,14.700000000000005,1,0,0,0,16,6,167,0,6,2,16,25,0.0,1.0,1.2246467991473532e-16,-1.0,0,1,0
17/06/2025,0.0,0,0.0,2,5.714285714285714,20.0,35.7,31.5,41.9,0.5,8.0,1014.9,18.923349380493164,0,10.4,1,0,0,1,17,6,168,1,6,2,17,25,0.7818314824680298,0.6234898018587336,1.2246467991473532e-16,-1.0,0,0,0
18/06/2025,0.0,0,0.0,3,5.714285714285714,14.0,36.3,30.8,42.0,0.2,3.4,1011.2,19.019420623779297,0,11.2,1,0,0,2,18,6,169,2,6,2,18,25,0.9749279121818236,-0.2225209339563143,1.2246467991473532e-16,-1.0,0,0,0
19/06/2025,0.0,0,0.0,8,5.714285714285714,13.0,31.8,27.9,35.1,1.3,8.5,1010.8,19.00749969482422,0,7.200000000000003,1,0,0,3,19,6,170,3,6,2,19,25,0.4338837391175582,-0.900968867902419,1.2246467991473532e-16,-1.0,0,0,0
20/06/2025,0.0,0,0.0,7,6.0,18.0,30.1,23.2,36.6,0.3,10.8,1010.7,19.02050018310547,0,13.400000000000002,1,0,0,4,20,6,171,4,6,2,20,25,-0.433883739117558,-0.9009688679024191,1.2246467991473532e-16,-1.0,0,0,1
21/06/2025,0.0,0,0.0,4,5.428571428571429,23.0,32.6,29.5,37.7,0.1,5.8,1016.9,19.0205,0,8.200000000000003,1,0,1,5,21,6,172,5,6,2,21,25,-0.9749279121818236,-0.2225209339563146,1.2246467991473532e-16,-1.0,1,0,0
22/06/2025,0.0,0,0.0,5,4.714285714285714,0.0,33.2,28.9,41.2,0.0,3.5,1012.1,19.2101,0,12.300000000000004,0,0,1,6,22,6,173,6,6,2,22,25,-0.7818314824680299,0.6234898018587334,1.2246467991473532e-16,-1.0,1,0,0
23/06/2025,0.0,0,0.0,10,5.571428571428571,31.0,34.4,30.7,40.6,0.9,5.8,1014.5,19.210100173950195,0,9.900000000000002,1,0,0,0,23,6,174,0,6,2,23,26,0.0,1.0,1.2246467991473532e-16,-1.0,0,1,0
24/06/2025,0.0,0,0.0,12,7.0,14.0,33.5,25.6,39.7,0.7,7.0,1017.9,19.07119941711425,0,14.1,1,0,0,1,24,6,175,1,6,2,24,26,0.7818314824680298,0.6234898018587336,1.2246467991473532e-16,-1.0,0,0,0
25/06/2025,0.0,0,1.0,3,7.0,29.0,31.4,26.2,36.9,1.5,5.3,1015.7,18.99176025390625,0,10.7,1,0,0,2,25,6,176,2,6,2,25,26,0.9749279121818236,-0.2225209339563143,1.2246467991473532e-16,-1.0,0,0,0
26/06/2025,0.0,0,1.0,10,7.285714285714286,24.0,28.7,25.5,36.0,0.1,9.6,1015.6,18.89859962463379,0,10.5,1,0,0,3,26,6,177,3,6,2,26,26,0.4338837391175582,-0.900968867902419,1.2246467991473532e-16,-1.0,0,0,0
27/06/2025,0.0,0,1.0,11,7.857142857142857,12.0,36.6,29.4,44.4,0.0,6.6,1019.4,18.87881088256836,0,15.0,0,0,0,4,27,6,178,4,6,2,27,26,-0.433883739117558,-0.9009688679024191,1.2246467991473532e-16,-1.0,0,0,1
28/06/2025,0.0,0,0.0,10,8.714285714285714,24.0,39.0,33.5,45.2,1.8,7.3,1015.3,18.0,0,11.700000000000005,1,0,1,5,28,6,179,5,6,2,28,26,-0.9749279121818236,-0.2225209339563146,1.2246467991473532e-16,-1.0,1,0,0
29/06/2025,0.0,0,0.0,7,9.0,0.0,34.6,31.5,42.0,0.4,3.2,1014.3,18.0,0,10.5,1,0,1,6,29,6,180,6,6,2,29,26,-0.7818314824680299,0.6234898018587334,1.2246467991473532e-16,-1.0,1,0,0
30/06/2025,1.0,0,0.0,30,11.857142857142858,35.0,37.4,32.2,43.3,0.8,9.0,1013.8,18.7992000579834,0,11.099999999999994,1,0,0,0,30,6,181,0,6,2,30,27,0.0,1.0,1.2246467991473532e-16,-1.0,0,1,0
01/07/2025,0.0,0,0.0,3,10.571428571428571,45.0,32.9,29.2,39.4,0.4,2.7,1018.6,18.738000869750977,0,10.2,1,0,0,1,1,7,182,1,7,3,1,27,0.7818314824680298,0.6234898018587336,-0.4999999999999997,-0.8660254037844388,0,0,0
02/07/2025,0.0,0,0.0,4,10.714285714285714,24.0,34.2,27.3,38.3,0.1,8.4,1010.5,18.73789978027344,0,10.999999999999996,1,0,0,2,2,7,183,2,7,3,2,27,0.9749279121818236,-0.2225209339563143,-0.4999999999999997,-0.8660254037844388,0,0,0
03/07/2025,0.0,0,0.0,9,10.571428571428571,15.0,29.9,26.1,33.6,0.2,2.3,1014.9,18.76370048522949,0,7.5,1,0,0,3,3,7,184,3,7,3,3,27,0.4338837391175582,-0.900968867902419,-0.4999999999999997,-0.8660254037844388,0,0,0
04/07/2025,0.0,0,0.0,13,10.857142857142858,16.0,29.1,25.6,32.4,0.1,7.0,1016.8,18.645910263061523,0,6.799999999999997,1,0,0,4,4,7,185,4,7,3,4,27,-0.433883739117558,-0.9009688679024191,-0.4999999999999997,-0.8660254037844388,0,0,1
05/07/2025,0.0,0,0.0,8,10.571428571428571,24.0,36.3,30.6,41.1,0.0,7.4,1016.5,18.0,0,10.5,0,0,1,5,5,7,186,5,7,3,5,27,-0.9749279121818236,-0.2225209339563146,-0.4999999999999997,-0.8660254037844388,1,0,0
06/07/2025,0.0,0,0.0,6,10.428571428571429,11.0,33.5,27.5,38.6,0.1,3.8,1011.6,18.0,0,11.1,1,0,1,6,6,7,187,6,7,3,6,27,-0.7818314824680299,0.6234898018587334,-0.4999999999999997,-0.8660254037844388,1,0,0
07/07/2025,0.0,0,0.0,9,7.428571428571429,18.0,38.3,33.6,41.7,0.5,3.7,1015.1,18.60633087158203,0,8.100000000000001,1,0,0,0,7,7,188,0,7,3,7,28,0.0,1.0,-0.4999999999999997,-0.8660254037844388,0,1,0
08/07/2025,0.0,0,0.0,5,7.714285714285714,11.0,32.6,27.9,35.7,0.7,9.3,1013.2,18.643329620361328,0,7.800000000000004,1,0,0,1,8,7,189,1,7,3,8,28,0.7818314824680298,0.6234898018587336,-0.4999999999999997,-0.8660254037844388,0,0,0
