,robos,tavg,tmin,tmax,prcp,wspd,pres,precio_dolar,a√±o,mes,dia,dia_semana_num,quincena,dias_desde_pago,has_event,es_fin_semana,es_dia_pago,es_festivo,despues_festivo,antes_festivo,is_outlier,h_lag_1,h_lag_2,h_lag_3,h_lag_7,h_lag_14,h_lag_28,h_roll_mean_7,h_roll_mean_14,h_roll_mean_28,amplitud_termica,llueve,dolar_ret,robos_lag_1,robos_lag_7,robos_lag_14,dow,dow_1,dow_2,dow_3,dow_4,dow_5,dow_6,target
28,0.0,25.1,19.8,31.7,0.0,5.7,1016.8,19.27667999267578,2024.0,10.0,7.0,0.0,1.0,3.0,0,0,0,0,0,0,1,4.0,2.0,8.0,7.0,1.0,4.0,5.571428571428571,6.071428571428571,5.607142857142857,11.899999999999999,0,-0.003042110227592709,0.0,0.0,0.0,0,False,False,False,False,False,False,12.0
29,0.0,24.7,19.6,30.8,0.0,5.7,1005.9,19.289670944213867,2024.0,10.0,8.0,1.0,1.0,4.0,0,0,0,0,0,0,0,12.0,4.0,2.0,3.0,5.0,4.0,6.285714285714286,6.857142857142857,5.892857142857143,11.2,0,0.0006739205891792555,0.0,0.0,0.0,1,True,False,False,False,False,False,6.0
30,0.0,24.3,18.7,31.2,0.0,4.5,1014.5,19.345399856567383,2024.0,10.0,9.0,2.0,1.0,5.0,1,0,0,0,0,0,0,6.0,12.0,4.0,8.0,7.0,1.0,6.714285714285714,6.928571428571429,5.964285714285714,12.5,0,0.0028890545885766894,0.0,0.0,0.0,2,False,True,False,False,False,False,7.0
31,0.0,26.2,21.1,32.6,7.1,3.5,1004.8,19.467449188232425,2024.0,10.0,10.0,3.0,1.0,6.0,1,0,0,0,0,0,0,7.0,6.0,12.0,7.0,12.0,3.0,6.571428571428571,6.928571428571429,6.178571428571429,11.5,1,0.00630895885171423,0.0,0.0,0.0,3,False,False,True,False,False,False,5.0
32,0.0,27.2,21.3,34.3,0.0,4.6,1007.4,19.438400268554688,2024.0,10.0,11.0,4.0,1.0,0.0,1,0,1,0,0,0,1,5.0,7.0,6.0,8.0,10.0,7.0,6.285714285714286,6.428571428571429,6.25,12.999999999999996,0,-0.0014921790418899183,0.0,0.0,0.0,4,False,False,False,True,False,False,2.0
33,0.0,25.6,20.3,32.0,0.0,5.7,1010.6,19.438400268554688,2024.0,10.0,12.0,5.0,1.0,1.0,1,1,0,0,0,0,1,2.0,5.0,7.0,2.0,7.0,3.0,5.428571428571429,5.857142857142857,6.071428571428571,11.7,0,0.0,0.0,0.0,0.0,5,False,False,False,False,True,False,13.0
34,0.0,26.4,21.2,32.8,0.0,9.9,1014.2,19.438400268554688,2024.0,10.0,13.0,6.0,1.0,2.0,0,1,0,0,0,0,0,13.0,2.0,5.0,4.0,4.0,14.0,7.0,6.285714285714286,6.428571428571429,11.599999999999998,0,0.0,0.0,0.0,0.0,6,False,False,False,False,False,True,3.0
35,0.0,27.8,22.3,34.5,0.0,3.2,1014.3,19.29953956604004,2024.0,10.0,14.0,0.0,1.0,3.0,0,0,0,0,0,0,1,3.0,13.0,2.0,12.0,7.0,2.0,6.857142857142857,6.214285714285714,6.035714285714286,12.2,0,-0.007143628107055822,0.0,0.0,0.0,0,False,False,False,False,False,False,10.0
36,0.0,26.2,20.4,33.3,0.0,9.4,1011.4,19.425949096679688,2024.0,10.0,15.0,1.0,1.0,0.0,0,0,1,0,0,0,1,10.0,3.0,13.0,6.0,3.0,4.0,6.571428571428571,6.428571428571429,6.321428571428571,12.899999999999999,0,0.006549872871686624,0.0,0.0,0.0,1,True,False,False,False,False,False,11.0
37,0.0,25.1,19.9,31.4,0.0,3.2,1009.1,19.69510078430176,2024.0,10.0,16.0,2.0,2.0,1.0,0,0,0,0,0,0,0,11.0,10.0,3.0,7.0,8.0,8.0,7.285714285714286,7.0,6.571428571428571,11.5,0,0.013855265772732661,0.0,0.0,0.0,2,False,True,False,False,False,False,5.0
38,0.0,26.3,21.0,32.7,0.0,6.7,1008.7,19.898700714111328,2024.0,10.0,17.0,3.0,2.0,2.0,0,0,0,0,0,0,0,5.0,11.0,10.0,5.0,7.0,6.0,7.0,6.785714285714286,6.464285714285714,11.700000000000003,0,0.010337592685580432,0.0,0.0,0.0,3,False,False,True,False,False,False,1.0
39,0.0,25.3,20.2,31.5,0.0,7.3,1017.7,19.81681060791016,2024.0,10.0,18.0,4.0,2.0,0.0,0,0,1,0,0,0,0,1.0,5.0,11.0,2.0,8.0,6.0,6.428571428571429,6.357142857142857,6.285714285714286,11.3,0,-0.004115349407868396,0.0,0.0,0.0,4,False,False,False,True,False,False,6.0
40,0.0,26.6,21.0,33.4,0.0,6.3,1016.5,19.81681060791016,2024.0,10.0,19.0,5.0,2.0,1.0,0,1,0,0,0,0,0,6.0,1.0,5.0,13.0,2.0,7.0,7.0,6.214285714285714,6.285714285714286,12.399999999999999,0,0.0,0.0,0.0,0.0,5,False,False,False,False,True,False,3.0
41,0.0,25.1,19.7,31.9,0.0,3.6,1008.2,19.81681060791016,2024.0,10.0,20.0,6.0,2.0,2.0,0,1,0,0,0,0,0,3.0,6.0,1.0,3.0,4.0,3.0,5.571428571428571,6.285714285714286,6.142857142857143,12.2,0,0.0,0.0,0.0,0.0,6,False,False,False,False,False,True,6.0
42,0.0,24.5,18.8,31.4,0.0,7.2,1016.2,19.868560791015625,2024.0,10.0,21.0,0.0,2.0,3.0,0,0,0,0,0,0,0,6.0,3.0,6.0,10.0,12.0,1.0,6.0,6.428571428571429,6.25,12.599999999999998,0,0.002611428454829534,0.0,0.0,0.0,0,False,False,False,False,False,False,4.0
43,0.0,27.1,21.9,33.4,0.0,4.1,1011.5,19.96080017089844,2024.0,10.0,22.0,1.0,2.0,4.0,0,0,0,0,0,0,0,4.0,6.0,3.0,11.0,6.0,5.0,5.142857142857143,5.857142857142857,6.357142857142857,11.5,0,0.004642479183722514,0.0,0.0,0.0,1,True,False,False,False,False,False,2.0
44,0.0,26.3,20.9,32.9,0.0,3.8,1010.4,19.936199188232425,2024.0,10.0,23.0,2.0,2.0,5.0,0,0,0,0,0,0,0,2.0,4.0,6.0,5.0,7.0,7.0,3.857142857142857,5.571428571428571,6.25,12.0,0,-0.0012324647536866573,0.0,0.0,0.0,2,False,True,False,False,False,False,7.0
45,0.0,26.7,20.9,33.8,0.0,5.0,1010.6,19.832460403442383,2024.0,10.0,24.0,3.0,2.0,6.0,0,0,0,0,0,0,0,7.0,2.0,4.0,1.0,5.0,12.0,4.142857142857143,5.571428571428571,6.25,12.899999999999999,0,-0.005203538739283697,0.0,0.0,0.0,3,False,False,True,False,False,False,6.0
46,0.0,25.3,20.3,31.5,0.0,11.7,1005.5,19.81419944763184,2024.0,10.0,25.0,4.0,2.0,0.0,0,0,1,0,0,0,1,6.0,7.0,2.0,6.0,2.0,10.0,4.857142857142857,5.642857142857143,6.035714285714286,11.2,0,-0.0009207609867394329,0.0,0.0,0.0,4,False,False,False,True,False,False,11.0
47,0.0,24.5,19.2,31.0,0.0,5.6,1015.8,19.81419944763184,2024.0,10.0,26.0,5.0,2.0,1.0,0,1,0,0,0,0,1,11.0,6.0,7.0,3.0,13.0,7.0,5.571428571428571,6.285714285714286,6.071428571428571,11.8,0,0.0,0.0,0.0,0.0,5,False,False,False,False,True,False,14.0
48,0.0,27.0,22.0,33.1,0.0,7.8,1010.0,19.81419944763184,2024.0,10.0,27.0,6.0,2.0,2.0,0,1,0,0,0,0,1,14.0,11.0,6.0,6.0,3.0,4.0,7.142857142857143,6.357142857142857,6.321428571428571,11.100000000000001,0,0.0,0.0,0.0,0.0,6,False,False,False,False,False,True,13.0
49,0.0,27.1,21.6,33.8,0.0,9.7,1024.2,19.946569442749023,2024.0,10.0,28.0,0.0,2.0,3.0,0,0,0,0,0,0,0,13.0,14.0,11.0,4.0,10.0,7.0,8.142857142857142,7.071428571428571,6.642857142857143,12.199999999999996,0,0.006680562364734133,0.0,0.0,0.0,0,False,False,False,False,False,False,3.0
50,0.0,25.2,19.5,32.0,0.0,10.3,1006.6,20.02873992919922,2024.0,10.0,29.0,1.0,2.0,4.0,0,0,0,0,0,0,0,3.0,13.0,14.0,2.0,11.0,3.0,8.0,6.571428571428571,6.5,12.5,0,0.004119529761047014,0.0,0.0,0.0,1,True,False,False,False,False,False,3.0
51,0.0,27.2,21.9,33.7,0.0,6.7,1006.8,20.05377960205078,2024.0,10.0,30.0,2.0,2.0,5.0,0,0,0,0,0,0,0,3.0,3.0,13.0,7.0,5.0,8.0,8.142857142857142,6.0,6.5,11.800000000000004,0,0.001250187128100766,0.0,0.0,0.0,2,False,True,False,False,False,False,2.0
52,0.0,26.2,20.8,32.7,0.0,6.8,1024.2,20.1639404296875,2024.0,10.0,31.0,3.0,2.0,0.0,0,0,1,0,0,0,0,2.0,3.0,3.0,6.0,1.0,7.0,7.428571428571429,5.785714285714286,6.285714285714286,11.900000000000002,0,0.0054932700878718155,0.0,0.0,0.0,3,False,False,True,False,False,False,1.0
53,0.0,21.9,16.9,27.9,0.0,10.2,1012.1,20.050689697265625,2024.0,11.0,1.0,4.0,1.0,0.0,0,0,1,0,0,1,0,1.0,2.0,3.0,11.0,6.0,8.0,6.714285714285714,5.785714285714286,6.071428571428571,11.0,0,-0.005616498065781572,0.0,0.0,0.0,4,False,False,False,True,False,False,1.0
54,0.0,21.2,16.2,27.3,0.0,10.9,998.4,20.050689697265625,2024.0,11.0,2.0,5.0,1.0,1.0,0,1,0,1,0,0,0,1.0,1.0,2.0,14.0,3.0,2.0,5.285714285714286,5.428571428571429,5.821428571428571,11.100000000000001,0,0.0,0.0,0.0,0.0,5,False,False,False,False,True,False,2.0
55,0.0,22.7,17.1,29.6,4.0,4.0,1012.5,20.050689697265625,2024.0,11.0,3.0,6.0,1.0,2.0,0,1,0,0,1,0,0,2.0,1.0,1.0,13.0,6.0,4.0,3.5714285714285716,5.357142857142857,5.821428571428571,12.5,1,0.0,0.0,0.0,0.0,6,False,False,False,False,False,True,7.0
56,0.0,22.6,17.1,29.3,0.0,7.4,1017.2,20.08181953430176,2024.0,11.0,4.0,0.0,1.0,3.0,0,0,0,0,0,0,0,7.0,2.0,1.0,3.0,4.0,12.0,2.7142857142857144,5.428571428571429,5.928571428571429,12.2,0,0.001552556919794279,0.0,0.0,0.0,0,False,False,False,False,False,False,2.0
57,0.0,22.5,16.9,29.4,0.0,8.5,1008.6,20.093900680541992,2024.0,11.0,5.0,1.0,1.0,4.0,0,0,0,0,0,0,0,2.0,7.0,2.0,3.0,2.0,6.0,2.5714285714285716,5.285714285714286,5.571428571428571,12.5,0,0.0006015961959819904,0.0,0.0,0.0,1,True,False,False,False,False,False,4.0
58,0.0,19.8,14.8,25.9,0.0,7.2,1014.2,20.13159942626953,2024.0,11.0,6.0,2.0,1.0,5.0,0,0,0,0,0,0,0,4.0,2.0,7.0,2.0,7.0,7.0,2.7142857142857144,5.428571428571429,5.5,11.099999999999998,0,0.001876128797831944,0.0,0.0,0.0,2,False,True,False,False,False,False,3.0
59,0.0,21.6,16.5,27.8,0.0,4.5,1013.6,20.16700935363769,2024.0,11.0,7.0,3.0,1.0,6.0,0,0,0,0,0,0,0,3.0,4.0,2.0,1.0,6.0,5.0,2.857142857142857,5.142857142857143,5.357142857142857,11.3,0,0.0017589227074503722,0.0,0.0,0.0,3,False,False,True,False,False,False,3.0
60,0.0,22.2,17.1,28.4,0.0,8.6,1012.4,19.793569564819336,2024.0,11.0,8.0,4.0,1.0,0.0,0,0,1,0,0,0,0,3.0,3.0,4.0,1.0,11.0,2.0,3.142857142857143,4.928571428571429,5.285714285714286,11.299999999999997,0,-0.01851736081785449,0.0,0.0,0.0,4,False,False,False,True,False,False,5.0
61,0.0,22.2,16.6,29.0,0.0,10.0,1007.3,19.793569564819336,2024.0,11.0,9.0,5.0,1.0,1.0,1,1,0,0,0,0,0,5.0,3.0,3.0,2.0,14.0,13.0,3.7142857142857144,4.5,5.392857142857143,12.399999999999999,0,0.0,0.0,0.0,0.0,5,False,False,False,False,True,False,4.0
62,0.0,20.5,15.0,27.3,0.0,5.8,1020.4,19.793569564819336,2024.0,11.0,10.0,6.0,1.0,2.0,1,1,0,0,0,0,0,4.0,5.0,3.0,7.0,13.0,3.0,4.0,3.7857142857142856,5.071428571428571,12.3,0,0.0,0.0,0.0,0.0,6,False,False,False,False,False,True,7.0
63,0.0,22.5,17.0,29.3,0.0,3.7,1015.0,20.13759994506836,2024.0,11.0,11.0,0.0,1.0,3.0,1,0,0,0,0,0,0,7.0,4.0,5.0,2.0,3.0,10.0,4.0,3.357142857142857,5.214285714285714,12.3,0,0.01738091652050966,0.0,0.0,0.0,0,False,False,False,False,False,False,5.0
64,0.0,23.1,17.9,29.4,0.0,8.2,1015.0,20.339500427246094,2024.0,11.0,12.0,1.0,1.0,4.0,1,0,0,0,0,0,0,5.0,7.0,4.0,4.0,3.0,11.0,4.428571428571429,3.5,5.035714285714286,11.5,0,0.010026044947187396,0.0,0.0,0.0,1,True,False,False,False,False,False,7.0
65,0.0,20.2,14.6,27.1,0.0,4.3,1005.2,20.58270072937012,2024.0,11.0,13.0,2.0,1.0,5.0,0,0,0,0,0,0,1,7.0,5.0,7.0,3.0,2.0,5.0,4.857142857142857,3.7857142857142856,4.892857142857143,12.500000000000002,0,0.011957044028389374,0.0,0.0,0.0,2,False,True,False,False,False,False,14.0
66,0.0,22.2,16.8,28.8,0.0,8.9,1011.7,20.518400192260746,2024.0,11.0,14.0,3.0,1.0,6.0,0,0,0,0,0,0,0,14.0,7.0,5.0,3.0,1.0,1.0,6.428571428571429,4.642857142857143,5.214285714285714,12.0,0,-0.0031240087467055977,0.0,0.0,0.0,3,False,False,True,False,False,False,6.0
67,0.0,21.0,15.4,27.9,0.0,6.6,1016.3,20.438600540161133,2024.0,11.0,15.0,4.0,1.0,0.0,0,0,1,0,0,0,0,6.0,14.0,7.0,5.0,1.0,6.0,6.857142857142857,5.0,5.392857142857143,12.499999999999998,0,-0.003889175147763768,0.0,0.0,0.0,4,False,False,False,True,False,False,2.0
68,0.0,22.2,16.4,29.2,0.0,11.0,1012.2,20.438600540161133,2024.0,11.0,16.0,5.0,2.0,1.0,0,1,0,0,0,0,0,2.0,6.0,14.0,4.0,2.0,3.0,6.428571428571429,5.071428571428571,5.25,12.8,0,0.0,0.0,0.0,0.0,5,False,False,False,False,True,False,3.0
69,0.0,20.9,15.6,27.5,0.0,4.5,1012.2,20.438600540161133,2024.0,11.0,17.0,6.0,2.0,2.0,0,1,0,0,0,1,0,3.0,2.0,6.0,7.0,7.0,6.0,6.285714285714286,5.142857142857143,5.25,11.9,0,0.0,0.0,0.0,0.0,6,False,False,False,False,False,True,3.0
70,0.0,22.1,16.6,28.8,0.0,8.8,1011.2,20.356170654296875,2024.0,11.0,18.0,0.0,2.0,3.0,0,0,0,1,0,0,0,3.0,3.0,2.0,5.0,2.0,4.0,5.714285714285714,4.857142857142857,5.142857142857143,12.2,0,-0.0040330494107111425,0.0,0.0,0.0,0,False,False,False,False,False,False,4.0
71,0.0,22.0,16.8,28.4,1.8,7.8,1004.7,20.213289260864254,2024.0,11.0,19.0,1.0,2.0,4.0,0,0,0,0,1,0,0,4.0,3.0,3.0,7.0,4.0,2.0,5.571428571428571,5.0,5.142857142857143,11.599999999999998,1,-0.007019070328065924,0.0,0.0,0.0,1,True,False,False,False,False,False,7.0
72,0.0,23.8,18.6,30.3,0.0,9.8,1015.0,20.10972023010254,2024.0,11.0,20.0,2.0,2.0,5.0,0,0,0,0,0,0,0,7.0,4.0,3.0,14.0,3.0,7.0,5.571428571428571,5.214285714285714,5.321428571428571,11.7,0,-0.0051238088677748594,0.0,0.0,0.0,2,False,True,False,False,False,False,5.0
73,0.0,23.2,17.8,29.8,0.0,3.3,1013.0,20.274620056152344,2024.0,11.0,21.0,3.0,2.0,6.0,0,0,0,0,0,0,0,5.0,7.0,4.0,6.0,3.0,6.0,4.285714285714286,5.357142857142857,5.25,12.0,0,0.008200005975367297,0.0,0.0,0.0,3,False,False,True,False,False,False,6.0
74,0.0,23.7,18.4,30.2,0.0,7.2,1016.9,20.414119720458984,2024.0,11.0,22.0,4.0,2.0,0.0,0,0,1,0,0,0,0,6.0,5.0,7.0,2.0,5.0,11.0,4.285714285714286,5.571428571428571,5.25,11.8,0,0.006880506955014853,0.0,0.0,0.0,4,False,False,False,True,False,False,7.0
75,0.0,21.2,16.0,27.6,8.4,9.7,1012.2,20.414119720458984,2024.0,11.0,23.0,5.0,2.0,1.0,0,1,0,0,0,0,0,7.0,6.0,5.0,3.0,4.0,14.0,5.0,5.714285714285714,5.107142857142857,11.600000000000001,1,0.0,0.0,0.0,0.0,5,False,False,False,False,True,False,6.0
76,0.0,20.1,14.4,27.0,8.8,9.7,1005.9,20.414119720458984,2024.0,11.0,24.0,6.0,2.0,2.0,0,1,0,0,0,0,1,6.0,7.0,6.0,3.0,7.0,13.0,5.428571428571429,5.857142857142857,4.821428571428571,12.6,1,0.0,0.0,0.0,0.0,6,False,False,False,False,False,True,12.0
77,0.0,20.6,15.3,27.2,0.0,3.1,1019.3,20.350839614868164,2024.0,11.0,25.0,0.0,2.0,3.0,0,0,0,0,0,0,1,12.0,6.0,7.0,4.0,5.0,3.0,6.714285714285714,6.214285714285714,4.785714285714286,11.899999999999999,0,-0.0030998204408198005,0.0,0.0,0.0,0,False,False,False,False,False,False,3.0
78,0.0,21.1,15.5,27.8,0.0,8.5,1020.7,20.580469131469727,2024.0,11.0,26.0,1.0,2.0,4.0,0,0,0,0,0,0,0,3.0,12.0,6.0,7.0,7.0,3.0,6.571428571428571,6.071428571428571,4.785714285714286,12.3,0,0.011283540185427876,0.0,0.0,0.0,1,True,False,False,False,False,False,8.0
79,0.0,22.1,16.7,28.8,0.0,11.4,1014.9,20.65250015258789,2024.0,11.0,27.0,2.0,2.0,5.0,0,0,0,0,0,0,0,8.0,3.0,12.0,5.0,14.0,2.0,6.714285714285714,6.142857142857143,4.964285714285714,12.100000000000001,0,0.0034999698334388096,0.0,0.0,0.0,2,False,True,False,False,False,False,7.0
80,0.0,23.7,18.2,30.4,1.8,6.3,1010.8,20.598169326782227,2024.0,11.0,28.0,3.0,2.0,6.0,0,0,0,0,0,0,0,7.0,8.0,3.0,6.0,6.0,1.0,7.0,5.642857142857143,5.142857142857143,12.2,1,-0.002630714218823327,0.0,0.0,0.0,3,False,False,True,False,False,False,14.0
81,0.0,22.0,16.6,28.6,0.0,10.4,1011.2,20.436199188232425,2024.0,11.0,29.0,4.0,2.0,0.0,0,0,1,0,0,0,0,14.0,7.0,8.0,7.0,2.0,1.0,8.142857142857142,6.214285714285714,5.607142857142857,12.0,0,-0.007863326880180765,0.0,0.0,0.0,4,False,False,False,True,False,False,8.0
82,0.0,22.5,16.8,29.4,0.0,9.5,1010.7,20.436199188232425,2024.0,11.0,30.0,5.0,2.0,0.0,0,1,1,0,0,0,0,8.0,14.0,7.0,6.0,3.0,2.0,8.285714285714286,6.642857142857143,5.857142857142857,12.599999999999998,0,0.0,0.0,0.0,0.0,5,False,False,False,False,True,False,11.0
83,0.0,19.9,14.6,26.5,0.0,5.1,1011.4,20.436199188232425,2024.0,12.0,1.0,6.0,1.0,0.0,0,1,1,0,0,0,0,11.0,8.0,14.0,12.0,3.0,7.0,9.0,7.214285714285714,6.178571428571429,11.9,0,0.0,0.0,0.0,0.0,6,False,False,False,False,False,True,2.0
84,0.0,18.6,13.1,25.3,0.0,3.4,1004.3,20.378610610961918,2024.0,12.0,2.0,0.0,1.0,1.0,0,0,0,0,0,0,0,2.0,11.0,8.0,3.0,4.0,2.0,7.571428571428571,7.142857142857143,6.0,12.200000000000001,0,-0.00281796907243248,0.0,0.0,0.0,0,False,False,False,False,False,False,10.0
85,0.0,19.2,14.0,25.5,0.0,7.1,1007.9,20.40690040588379,2024.0,12.0,3.0,1.0,1.0,2.0,0,0,0,0,0,0,0,10.0,2.0,11.0,8.0,7.0,4.0,8.571428571428571,7.571428571428571,6.285714285714286,11.5,0,0.0013882101906719235,0.0,0.0,0.0,1,True,False,False,False,False,False,9.0
86,0.0,17.9,12.4,24.6,0.0,7.7,1013.6,20.30389976501465,2024.0,12.0,4.0,2.0,1.0,3.0,0,0,0,0,0,0,1,9.0,10.0,2.0,7.0,5.0,3.0,8.714285714285714,7.714285714285714,6.464285714285714,12.200000000000001,0,-0.005047343732781817,0.0,0.0,0.0,2,False,True,False,False,False,False,13.0
87,0.0,17.0,11.4,23.7,0.0,5.4,1008.1,20.308639526367188,2024.0,12.0,5.0,3.0,1.0,4.0,0,0,0,0,0,0,1,13.0,9.0,10.0,14.0,6.0,3.0,9.571428571428571,8.285714285714286,6.821428571428571,12.299999999999999,0,0.00023344093535704324,0.0,0.0,0.0,3,False,False,True,False,False,False,1.0
88,0.0,19.3,13.9,25.8,0.0,11.5,1014.4,20.19179916381836,2024.0,12.0,6.0,4.0,1.0,0.0,0,0,1,0,0,0,0,1.0,13.0,9.0,8.0,7.0,5.0,7.714285714285714,7.928571428571429,6.75,11.9,0,-0.0057532343511800255,0.0,0.0,0.0,4,False,False,False,True,False,False,6.0
89,0.0,19.1,13.8,25.5,0.0,5.9,1002.1,20.19179916381836,2024.0,12.0,7.0,5.0,1.0,1.0,0,1,0,0,0,0,1,6.0,1.0,13.0,11.0,6.0,4.0,7.428571428571429,7.857142857142857,6.785714285714286,11.7,0,0.0,0.0,0.0,0.0,5,False,False,False,False,True,False,3.0
90,0.0,19.2,14.0,25.6,0.0,6.8,1012.8,20.19179916381836,2024.0,12.0,8.0,6.0,1.0,2.0,0,1,0,0,0,0,0,3.0,6.0,1.0,2.0,12.0,7.0,6.285714285714286,7.642857142857143,6.75,11.600000000000001,0,0.0,0.0,0.0,0.0,6,False,False,False,False,False,True,1.0
91,0.0,20.1,14.8,26.5,0.0,3.2,1008.6,20.170900344848636,2024.0,12.0,9.0,0.0,1.0,3.0,1,0,0,0,0,0,0,1.0,3.0,6.0,10.0,3.0,5.0,6.142857142857143,6.857142857142857,6.535714285714286,11.7,0,-0.0010350151960292209,0.0,0.0,0.0,0,False,False,False,False,False,False,4.0
92,0.0,20.5,15.3,26.8,0.0,8.4,1011.8,20.245899200439453,2024.0,12.0,10.0,1.0,1.0,4.0,1,0,0,0,0,0,0,4.0,1.0,3.0,9.0,8.0,7.0,5.285714285714286,6.928571428571429,6.5,11.5,0,0.0037181709447080546,0.0,0.0,0.0,1,True,False,False,False,False,False,2.0
93,0.0,19.0,13.6,25.6,0.0,7.0,1012.7,20.1607608795166,2024.0,12.0,11.0,2.0,1.0,5.0,1,0,0,0,0,0,0,2.0,4.0,1.0,13.0,7.0,14.0,4.285714285714286,6.5,6.321428571428571,12.000000000000002,0,-0.004205213118961049,0.0,0.0,0.0,2,False,True,False,False,False,False,7.0
94,0.0,18.1,12.9,24.4,0.0,9.8,1017.7,20.114200592041016,2024.0,12.0,12.0,3.0,1.0,6.0,1,0,0,0,0,0,0,7.0,2.0,4.0,1.0,14.0,6.0,3.4285714285714284,6.5,6.071428571428571,11.499999999999998,0,-0.0023094509058381174,0.0,0.0,0.0,3,False,False,True,False,False,False,11.0
95,0.0,18.3,13.2,24.5,0.0,11.8,1019.7,20.19109916687012,2024.0,12.0,13.0,4.0,1.0,0.0,0,0,1,0,0,0,0,11.0,7.0,2.0,6.0,8.0,2.0,4.857142857142857,6.285714285714286,6.25,11.3,0,0.003823098734509589,0.0,0.0,0.0,4,False,False,False,True,False,False,5.0
96,0.0,17.4,12.0,24.0,0.0,5.7,1005.5,20.19109916687012,2024.0,12.0,14.0,5.0,1.0,1.0,0,1,0,0,0,0,0,5.0,11.0,7.0,3.0,11.0,3.0,4.714285714285714,6.071428571428571,6.357142857142857,12.0,0,0.0,0.0,0.0,0.0,5,False,False,False,False,True,False,8.0
97,0.0,20.7,15.4,27.2,0.0,5.5,1010.2,20.19109916687012,2024.0,12.0,15.0,6.0,1.0,0.0,0,1,1,0,0,0,0,8.0,5.0,11.0,1.0,2.0,3.0,5.428571428571429,5.857142857142857,6.535714285714286,11.799999999999999,0,0.0,0.0,0.0,0.0,6,False,False,False,False,False,True,4.0
98,0.0,17.9,12.6,24.4,0.0,11.9,1023.9,20.105419158935547,2024.0,12.0,16.0,0.0,2.0,1.0,0,0,0,0,0,0,1,4.0,8.0,5.0,4.0,10.0,4.0,5.857142857142857,6.0,6.571428571428571,11.799999999999999,0,-0.004243454367019228,0.0,0.0,0.0,0,False,False,False,False,False,False,0.0
99,0.0,19.2,13.5,26.1,0.0,3.9,1010.9,20.133819580078125,2024.0,12.0,17.0,1.0,2.0,2.0,0,0,0,0,0,0,0,0.0,4.0,8.0,2.0,9.0,7.0,5.285714285714286,5.285714285714286,6.428571428571429,12.600000000000001,0,0.0014125754314331385,0.0,0.0,0.0,1,True,False,False,False,False,False,2.0
100,0.0,17.4,12.1,23.9,0.0,9.1,1007.7,20.17374992370605,2024.0,12.0,18.0,2.0,2.0,3.0,0,0,0,0,0,0,0,2.0,0.0,4.0,7.0,13.0,5.0,5.285714285714286,4.785714285714286,6.25,11.799999999999999,0,0.001983247315250347,0.0,0.0,0.0,2,False,True,False,False,False,False,4.0
101,0.0,19.2,13.4,26.3,0.0,10.2,1013.8,20.37470054626465,2024.0,12.0,19.0,3.0,2.0,4.0,0,0,0,0,0,0,0,4.0,2.0,0.0,11.0,1.0,6.0,4.857142857142857,4.142857142857143,6.214285714285714,12.9,0,0.009960995021677244,0.0,0.0,0.0,3,False,False,True,False,False,False,11.0
102,0.0,18.7,13.7,24.9,0.0,4.3,1015.3,20.333999633789062,2024.0,12.0,20.0,4.0,2.0,0.0,0,0,1,0,0,0,0,11.0,4.0,2.0,5.0,6.0,7.0,4.857142857142857,4.857142857142857,6.392857142857143,11.2,0,-0.001997620155602564,0.0,0.0,0.0,4,False,False,False,True,False,False,3.0
103,0.0,17.4,12.0,24.0,0.0,7.6,1001.2,20.333999633789062,2024.0,12.0,21.0,5.0,2.0,1.0,0,1,0,0,0,0,1,3.0,11.0,4.0,8.0,3.0,6.0,4.571428571428571,4.642857142857143,6.25,12.0,0,0.0,0.0,0.0,0.0,5,False,False,False,False,True,False,11.0
104,0.0,18.0,12.4,24.9,0.0,9.2,1008.5,20.333999633789062,2024.0,12.0,22.0,6.0,2.0,2.0,0,1,0,0,0,0,0,11.0,3.0,11.0,4.0,1.0,12.0,5.0,5.214285714285714,6.428571428571429,12.499999999999998,0,0.0,0.0,0.0,0.0,6,False,False,False,False,False,True,3.0
105,0.0,18.1,12.6,24.9,0.0,9.3,1013.4,20.06343078613281,2024.0,12.0,23.0,0.0,2.0,3.0,0,0,0,0,0,0,0,3.0,11.0,3.0,0.0,4.0,3.0,4.857142857142857,5.357142857142857,6.107142857142857,12.299999999999999,0,-0.013306228608691795,0.0,0.0,0.0,0,False,False,False,False,False,False,4.0
106,0.0,19.4,13.8,26.2,0.0,6.9,1019.1,20.169300079345703,2024.0,12.0,24.0,1.0,2.0,4.0,0,0,0,0,0,1,0,4.0,3.0,11.0,2.0,2.0,8.0,5.428571428571429,5.357142857142857,6.142857142857143,12.399999999999999,0,0.005276729306239458,0.0,0.0,0.0,1,True,False,False,False,False,False,1.0
107,0.0,19.7,14.3,26.3,0.0,6.8,1006.2,20.15379905700684,2024.0,12.0,25.0,2.0,2.0,5.0,0,0,0,1,0,0,0,1.0,4.0,3.0,4.0,7.0,7.0,5.285714285714286,5.285714285714286,5.892857142857143,12.0,0,-0.0007685453772755535,0.0,0.0,0.0,2,False,True,False,False,False,False,1.0
108,0.0,19.3,14.1,25.7,0.0,6.7,1018.9,20.156639099121094,2024.0,12.0,26.0,3.0,2.0,6.0,0,0,0,0,1,0,0,1.0,1.0,4.0,11.0,11.0,14.0,4.857142857142857,4.857142857142857,5.678571428571429,11.6,0,0.00014091844948049825,0.0,0.0,0.0,3,False,False,True,False,False,False,8.0
109,0.0,19.0,13.7,25.5,0.0,3.7,1013.3,20.20479965209961,2024.0,12.0,27.0,4.0,2.0,0.0,0,0,1,0,0,0,0,8.0,1.0,1.0,3.0,5.0,8.0,4.428571428571429,4.642857142857143,5.464285714285714,11.8,0,0.0023893146442561797,0.0,0.0,0.0,4,False,False,False,True,False,False,5.0
110,0.0,19.3,14.0,25.8,0.0,9.8,1019.4,20.20479965209961,2024.0,12.0,28.0,5.0,2.0,1.0,0,1,0,0,0,0,0,5.0,8.0,1.0,11.0,8.0,11.0,4.714285714285714,4.642857142857143,5.357142857142857,11.8,0,0.0,0.0,0.0,0.0,5,False,False,False,False,True,False,6.0
111,0.0,18.1,12.7,24.7,0.0,10.6,1019.9,20.20479965209961,2024.0,12.0,29.0,6.0,2.0,2.0,0,1,0,0,0,0,0,6.0,5.0,8.0,3.0,4.0,2.0,4.0,4.5,5.178571428571429,12.0,0,0.0,0.0,0.0,0.0,6,False,False,False,False,False,True,4.0
112,0.0,19.2,13.7,25.9,0.0,8.3,1001.3,20.31316947937012,2024.0,12.0,30.0,0.0,2.0,3.0,0,0,0,0,0,0,0,4.0,6.0,5.0,4.0,0.0,10.0,4.142857142857143,4.5,5.25,12.2,0,0.0053635685152289,0.0,0.0,0.0,0,False,False,False,False,False,False,7.0
113,0.0,18.8,13.6,25.2,0.0,10.9,1006.2,20.632200241088867,2024.0,12.0,31.0,1.0,2.0,0.0,0,0,1,0,0,1,0,7.0,4.0,6.0,1.0,2.0,9.0,4.571428571428571,5.0,5.142857142857143,11.6,0,0.015705612166666105,0.0,0.0,0.0,1,True,False,False,False,False,False,7.0
114,31.0,20.1,15.3,26.0,0.5,4.3,1006.5,20.632200241088867,2025.0,1.0,1.0,2.0,1.0,0.0,1,0,1,1,0,0,0,7.0,7.0,4.0,1.0,4.0,13.0,5.428571428571429,5.357142857142857,5.071428571428571,10.7,1,0.0,0.0,0.0,0.0,2,False,True,False,False,False,False,5.0
115,10.0,18.1,13.1,24.1,0.0,6.9,1003.0,20.83024024963379,2025.0,1.0,2.0,3.0,1.0,1.0,1,0,0,0,1,0,0,5.0,7.0,7.0,8.0,11.0,1.0,6.0,5.428571428571429,4.785714285714286,11.000000000000002,0,0.00959858891590848,31.0,0.0,0.0,3,False,False,True,False,False,False,6.0
116,26.0,20.3,15.2,26.5,0.0,7.6,1010.6,20.59289932250977,2025.0,1.0,3.0,4.0,1.0,0.0,1,0,1,0,0,0,0,6.0,5.0,7.0,5.0,3.0,6.0,5.714285714285714,5.071428571428571,4.964285714285714,11.3,0,-0.011394056154882426,10.0,0.0,0.0,4,False,False,False,True,False,False,8.0
117,19.0,18.6,13.5,24.7,0.0,9.4,1007.0,20.59289932250977,2025.0,1.0,4.0,5.0,1.0,1.0,1,1,0,0,0,0,0,8.0,6.0,5.0,6.0,11.0,3.0,6.142857142857143,5.428571428571429,5.035714285714286,11.2,0,0.0,26.0,0.0,0.0,5,False,False,False,False,True,False,6.0
118,3.0,18.9,14.1,24.9,0.0,11.3,1024.2,20.59289932250977,2025.0,1.0,5.0,6.0,1.0,2.0,1,1,0,0,0,0,0,6.0,8.0,6.0,4.0,3.0,1.0,6.142857142857143,5.071428571428571,5.142857142857143,10.799999999999999,0,0.0,19.0,0.0,0.0,6,False,False,False,False,False,True,3.0
119,11.0,18.2,13.1,24.4,0.0,3.4,1013.1,20.62014961242676,2025.0,1.0,6.0,0.0,1.0,3.0,1,0,0,0,0,0,0,3.0,6.0,8.0,7.0,4.0,4.0,6.0,5.071428571428571,5.214285714285714,11.299999999999999,0,0.001323285735059354,3.0,0.0,0.0,0,False,False,False,False,False,False,5.0
120,22.0,20.2,15.3,26.1,0.0,7.8,1008.1,20.32080078125,2025.0,1.0,7.0,1.0,1.0,4.0,1,0,0,0,0,0,0,5.0,3.0,6.0,7.0,1.0,2.0,5.714285714285714,5.142857142857143,5.25,10.8,0,-0.014517296760851783,11.0,0.0,0.0,1,True,False,False,False,False,False,6.0
121,17.0,18.6,13.4,24.9,0.0,3.1,1002.3,20.32733917236328,2025.0,1.0,8.0,2.0,1.0,5.0,0,0,0,0,0,0,0,6.0,5.0,3.0,5.0,1.0,7.0,5.571428571428571,5.5,5.392857142857143,11.499999999999998,0,0.00032175853617522066,22.0,31.0,0.0,2,False,True,False,False,False,False,4.0
122,33.0,18.5,13.6,24.5,0.0,4.2,1010.1,20.41095924377441,2025.0,1.0,9.0,3.0,1.0,6.0,0,0,0,0,0,0,0,4.0,6.0,5.0,6.0,8.0,11.0,5.428571428571429,5.714285714285714,5.285714285714286,10.9,0,0.004113675218486934,17.0,10.0,0.0,3,False,False,True,False,False,False,5.0
123,21.0,19.8,14.7,26.1,0.0,5.0,1015.1,20.5063591003418,2025.0,1.0,10.0,4.0,1.0,0.0,0,0,1,0,0,0,0,5.0,4.0,6.0,8.0,5.0,5.0,5.285714285714286,5.5,5.071428571428571,11.400000000000002,0,0.004673952626527811,33.0,26.0,0.0,4,False,False,False,True,False,False,3.0
124,33.0,20.2,15.4,26.2,0.0,7.4,1012.0,20.5063591003418,2025.0,1.0,11.0,5.0,1.0,1.0,0,1,0,0,0,0,0,3.0,5.0,4.0,6.0,6.0,8.0,4.571428571428571,5.357142857142857,5.0,10.799999999999999,0,0.0,21.0,19.0,0.0,5,False,False,False,False,True,False,3.0
125,6.0,19.0,14.2,24.8,0.0,7.8,1015.8,20.5063591003418,2025.0,1.0,12.0,6.0,1.0,2.0,0,1,0,0,0,0,0,3.0,3.0,5.0,3.0,4.0,4.0,4.142857142857143,5.142857142857143,4.821428571428571,10.600000000000001,0,0.0,33.0,3.0,0.0,6,False,False,False,False,False,True,4.0
126,14.0,17.8,12.7,24.0,0.0,11.7,1011.8,20.70178985595703,2025.0,1.0,13.0,0.0,1.0,3.0,0,0,0,0,0,0,0,4.0,3.0,3.0,5.0,7.0,0.0,4.285714285714286,5.142857142857143,4.821428571428571,11.3,0,0.009530251306872684,6.0,11.0,0.0,0,False,False,False,False,False,False,6.0
127,35.0,20.1,15.1,26.1,0.0,3.1,1012.9,20.61046028137207,2025.0,1.0,14.0,1.0,1.0,4.0,0,0,0,0,0,0,0,6.0,4.0,3.0,6.0,7.0,2.0,4.428571428571429,5.071428571428571,5.035714285714286,11.000000000000002,0,-0.004411675281240535,14.0,22.0,0.0,1,True,False,False,False,False,False,3.0
128,24.0,18.2,13.2,24.3,0.0,6.3,1013.2,20.503999710083008,2025.0,1.0,15.0,2.0,1.0,0.0,0,0,1,0,0,0,0,3.0,6.0,4.0,4.0,5.0,4.0,4.0,4.785714285714286,5.071428571428571,11.100000000000001,0,-0.005165366024614371,35.0,17.0,31.0,2,False,True,False,False,False,False,1.0
129,24.0,18.6,14.0,24.3,0.0,3.4,1005.8,20.455310821533203,2025.0,1.0,16.0,3.0,2.0,1.0,0,0,0,0,0,0,0,1.0,3.0,6.0,5.0,6.0,11.0,3.5714285714285716,4.5,4.964285714285714,10.3,0,-0.002374604430269378,24.0,33.0,10.0,3,False,False,True,False,False,False,5.0
130,28.0,18.8,14.2,24.3,0.0,3.6,1015.1,20.83272933959961,2025.0,1.0,17.0,4.0,2.0,0.0,0,0,1,0,0,0,0,5.0,1.0,3.0,3.0,8.0,3.0,3.5714285714285716,4.428571428571429,4.75,10.100000000000001,0,0.018450881600347024,24.0,21.0,26.0,4,False,False,False,True,False,False,3.0
131,18.0,18.6,13.1,25.2,0.0,4.6,1014.2,20.83272933959961,2025.0,1.0,18.0,5.0,2.0,1.0,0,1,0,0,0,0,0,3.0,5.0,1.0,3.0,6.0,11.0,3.5714285714285716,4.071428571428571,4.75,12.1,0,0.0,28.0,33.0,19.0,5,False,False,False,False,True,False,5.0
132,9.0,18.7,13.8,24.7,0.0,4.2,1009.0,20.83272933959961,2025.0,1.0,19.0,6.0,2.0,2.0,0,1,0,0,0,0,1,5.0,3.0,5.0,4.0,3.0,3.0,3.857142857142857,4.0,4.535714285714286,10.899999999999999,0,0.0,18.0,6.0,3.0,6,False,False,False,False,False,True,12.0
133,26.0,19.4,14.4,25.5,0.0,10.3,1013.8,20.791290283203125,2025.0,1.0,20.0,0.0,2.0,3.0,0,0,0,0,0,0,0,12.0,5.0,3.0,6.0,5.0,4.0,5.0,4.642857142857143,4.857142857142857,11.1,0,-0.001989132375358804,9.0,14.0,11.0,0,False,False,False,False,False,False,3.0
134,30.0,18.4,13.5,24.5,0.0,3.2,1017.2,20.49724006652832,2025.0,1.0,21.0,1.0,2.0,4.0,0,0,0,0,0,0,0,3.0,12.0,5.0,3.0,6.0,1.0,4.571428571428571,4.5,4.821428571428571,11.0,0,-0.014142951816336402,26.0,35.0,22.0,1,True,False,False,False,False,False,2.0
135,30.0,18.4,13.8,24.1,0.0,10.7,1009.5,20.66119956970215,2025.0,1.0,22.0,2.0,2.0,5.0,0,0,0,0,0,0,0,2.0,3.0,12.0,1.0,4.0,1.0,4.428571428571429,4.214285714285714,4.857142857142857,10.3,0,0.00799910147130345,30.0,24.0,17.0,2,False,True,False,False,False,False,3.0
136,16.0,19.2,14.2,25.2,0.0,5.5,1015.5,20.48710060119629,2025.0,1.0,23.0,3.0,2.0,6.0,0,0,0,0,0,0,1,3.0,2.0,3.0,5.0,5.0,8.0,4.714285714285714,4.142857142857143,4.928571428571429,11.0,0,-0.008426372724319453,30.0,24.0,33.0,3,False,False,True,False,False,False,9.0
137,26.0,19.8,15.1,25.7,0.0,5.8,1010.4,20.37883949279785,2025.0,1.0,24.0,4.0,2.0,0.0,0,0,1,0,0,0,0,9.0,3.0,2.0,3.0,3.0,5.0,5.285714285714286,4.428571428571429,4.964285714285714,10.6,0,-0.005284354799923063,16.0,28.0,21.0,4,False,False,False,True,False,False,3.0
138,10.0,18.7,13.5,25.1,0.0,4.7,1007.2,20.37883949279785,2025.0,1.0,25.0,5.0,2.0,1.0,0,1,0,0,0,0,1,3.0,9.0,3.0,5.0,3.0,6.0,5.285714285714286,4.428571428571429,4.892857142857143,11.600000000000001,0,0.0,26.0,18.0,33.0,5,False,False,False,False,True,False,0.0
139,20.0,18.7,14.2,24.2,0.0,10.1,1010.9,20.37883949279785,2025.0,1.0,26.0,6.0,2.0,2.0,0,1,0,0,0,0,0,0.0,3.0,9.0,12.0,4.0,4.0,4.571428571428571,4.214285714285714,4.678571428571429,10.0,0,0.0,10.0,9.0,6.0,6,False,False,False,False,False,True,5.0
140,19.0,19.8,14.9,25.8,0.0,10.8,1013.1,20.43696975708008,2025.0,1.0,27.0,0.0,2.0,3.0,0,0,0,0,0,0,0,5.0,0.0,3.0,3.0,6.0,7.0,3.5714285714285716,4.285714285714286,4.714285714285714,10.9,0,0.0028524815803556702,20.0,26.0,14.0,0,False,False,False,False,False,False,4.0
141,33.0,18.9,13.6,25.5,0.0,6.6,1012.3,20.7283992767334,2025.0,1.0,28.0,1.0,2.0,4.0,0,0,0,0,0,0,0,4.0,5.0,0.0,2.0,3.0,7.0,3.7142857142857144,4.142857142857143,4.607142857142857,11.9,0,0.014259918330228771,19.0,30.0,35.0,1,True,False,False,False,False,False,3.0
142,25.0,18.1,13.0,24.3,0.0,9.9,1021.6,20.540000915527344,2025.0,1.0,29.0,2.0,2.0,5.0,0,0,0,0,0,0,0,3.0,4.0,5.0,3.0,1.0,5.0,3.857142857142857,4.142857142857143,4.464285714285714,11.3,0,-0.009088900628111851,33.0,30.0,24.0,2,False,True,False,False,False,False,5.0
143,24.0,17.2,11.9,23.7,0.0,4.5,1011.5,20.50180053710937,2025.0,1.0,30.0,3.0,2.0,6.0,0,0,0,0,0,0,0,5.0,3.0,4.0,9.0,5.0,6.0,4.142857142857143,4.428571428571429,4.464285714285714,11.799999999999999,0,-0.0018598041244045627,25.0,16.0,24.0,3,False,False,True,False,False,False,3.0
144,12.0,18.1,13.2,24.0,0.0,3.6,1012.4,20.674470901489254,2025.0,1.0,31.0,4.0,2.0,0.0,0,0,1,0,0,0,1,3.0,5.0,3.0,3.0,3.0,8.0,3.2857142857142856,4.285714285714286,4.357142857142857,10.8,0,0.008422204872559291,24.0,26.0,28.0,4,False,False,False,True,False,False,9.0
145,11.0,20.7,15.0,27.5,0.0,11.6,1015.9,20.674470901489254,2025.0,2.0,1.0,5.0,1.0,0.0,1,1,1,0,0,0,0,9.0,3.0,5.0,0.0,5.0,6.0,4.142857142857143,4.714285714285714,4.392857142857143,12.5,0,0.0,12.0,10.0,18.0,5,False,False,False,False,True,False,3.0
146,8.0,20.7,15.6,26.8,0.0,5.3,1010.9,20.674470901489254,2025.0,2.0,2.0,6.0,1.0,1.0,1,1,0,0,0,1,1,3.0,9.0,3.0,5.0,12.0,3.0,4.571428571428571,4.571428571428571,4.285714285714286,11.200000000000001,0,0.0,11.0,20.0,9.0,6,False,False,False,False,False,True,2.0
147,3.0,21.2,16.0,27.6,4.1,6.8,1008.2,21.16939926147461,2025.0,2.0,3.0,0.0,1.0,2.0,1,0,0,1,0,0,0,2.0,3.0,9.0,4.0,3.0,5.0,4.142857142857143,3.857142857142857,4.25,11.600000000000001,1,0.02393910646340669,8.0,19.0,26.0,0,False,False,False,False,False,False,1.0
148,8.0,19.1,13.8,25.6,0.0,5.5,1004.9,20.385129928588867,2025.0,2.0,4.0,1.0,1.0,3.0,1,0,0,0,1,0,0,1.0,2.0,3.0,3.0,2.0,6.0,3.7142857142857144,3.7142857142857144,4.107142857142857,11.8,0,-0.03704731169736142,3.0,33.0,30.0,1,True,False,False,False,False,False,2.0
149,24.0,21.7,15.9,28.7,0.0,4.3,1009.4,20.512420654296875,2025.0,2.0,5.0,2.0,1.0,4.0,1,0,0,0,0,0,0,2.0,1.0,2.0,5.0,3.0,4.0,3.5714285714285716,3.7142857142857144,3.9642857142857144,12.799999999999999,0,0.006244293078038643,8.0,25.0,30.0,2,False,True,False,False,False,False,8.0
150,18.0,20.9,15.4,27.7,0.0,8.2,1019.6,20.57372093200684,2025.0,2.0,6.0,3.0,1.0,5.0,1,0,0,0,0,0,0,8.0,2.0,1.0,3.0,9.0,5.0,4.0,4.071428571428571,4.107142857142857,12.299999999999999,0,0.0029884467924619074,24.0,24.0,16.0,3,False,False,True,False,False,False,8.0
151,28.0,22.0,16.7,28.5,0.0,9.3,1018.4,20.44339942932129,2025.0,2.0,7.0,4.0,1.0,0.0,1,0,1,0,0,0,0,8.0,8.0,2.0,9.0,3.0,3.0,4.714285714285714,4.0,4.214285714285714,11.8,0,-0.006334367182107892,18.0,12.0,26.0,4,False,False,False,True,False,False,5.0
152,20.0,22.4,17.0,29.1,0.0,4.1,1015.0,20.44339942932129,2025.0,2.0,8.0,5.0,1.0,1.0,0,1,0,0,0,0,0,5.0,8.0,8.0,3.0,0.0,3.0,4.142857142857143,4.142857142857143,4.285714285714286,12.100000000000001,0,0.0,28.0,11.0,10.0,5,False,False,False,False,True,False,6.0
153,9.0,20.4,15.0,27.0,0.0,5.6,1002.8,20.44339942932129,2025.0,2.0,9.0,6.0,1.0,2.0,0,1,0,0,0,0,0,6.0,5.0,8.0,2.0,5.0,4.0,4.571428571428571,4.571428571428571,4.392857142857143,12.0,0,0.0,20.0,8.0,20.0,6,False,False,False,False,False,True,8.0
154,11.0,20.7,15.3,27.4,0.0,8.4,1014.8,20.60030937194824,2025.0,2.0,10.0,0.0,1.0,3.0,0,0,0,0,0,0,0,8.0,6.0,5.0,1.0,4.0,6.0,5.428571428571429,4.785714285714286,4.535714285714286,12.099999999999998,0,0.007675335169643915,9.0,3.0,19.0,0,False,False,False,False,False,False,1.0
155,23.0,21.5,16.1,28.1,0.0,8.4,1010.8,20.624610900878903,2025.0,2.0,11.0,1.0,1.0,4.0,0,0,0,0,0,0,0,1.0,8.0,6.0,2.0,3.0,3.0,5.428571428571429,4.571428571428571,4.357142857142857,12.0,0,0.0011796681540985343,11.0,8.0,33.0,1,True,False,False,False,False,False,0.0
156,44.0,21.3,16.1,27.6,0.0,5.2,1016.3,20.546720504760746,2025.0,2.0,12.0,2.0,1.0,5.0,0,0,0,0,0,0,0,0.0,1.0,8.0,8.0,5.0,1.0,5.142857142857143,4.357142857142857,4.25,11.5,0,-0.003776575300862395,23.0,24.0,25.0,2,False,True,False,False,False,False,3.0
157,30.0,20.2,14.6,27.2,0.0,8.5,1004.7,20.54348945617676,2025.0,2.0,13.0,3.0,1.0,6.0,0,0,0,0,0,0,0,3.0,0.0,1.0,8.0,3.0,5.0,4.428571428571429,4.214285714285714,4.321428571428571,12.6,0,-0.00015725373707375923,44.0,18.0,24.0,3,False,False,True,False,False,False,5.0
158,0.0,21.0,15.6,27.7,0.0,3.7,1005.6,20.415189743041992,2025.0,2.0,14.0,4.0,1.0,0.0,0,0,1,0,0,0,0,5.0,3.0,0.0,5.0,9.0,3.0,4.0,4.357142857142857,4.321428571428571,12.1,0,-0.006245273638076809,30.0,28.0,12.0,4,False,False,False,True,False,False,4.0
159,0.0,21.6,15.9,28.5,0.0,9.8,1014.1,20.415189743041992,2025.0,2.0,15.0,5.0,1.0,0.0,0,1,1,0,0,0,1,4.0,5.0,3.0,6.0,3.0,5.0,3.857142857142857,4.0,4.357142857142857,12.6,0,0.0,0.0,20.0,11.0,5,False,False,False,False,True,False,0.0
160,53.0,20.2,14.5,27.1,0.0,10.2,1006.7,20.415189743041992,2025.0,2.0,16.0,6.0,2.0,1.0,0,1,0,0,0,0,0,0.0,4.0,5.0,8.0,2.0,12.0,3.0,3.7857142857142856,4.178571428571429,12.600000000000001,0,0.0,0.0,9.0,8.0,6,False,False,False,False,False,True,7.0
161,13.0,20.0,14.8,26.3,0.0,5.9,1011.2,20.312389373779297,2025.0,2.0,17.0,0.0,2.0,2.0,0,0,0,0,0,0,1,7.0,0.0,4.0,1.0,1.0,3.0,2.857142857142857,4.142857142857143,4.0,11.5,0,-0.005035484389643408,53.0,11.0,3.0,0,False,False,False,False,False,False,12.0
162,25.0,20.0,14.7,26.3,0.0,11.0,1015.3,20.272600173950195,2025.0,2.0,18.0,1.0,2.0,3.0,0,0,0,0,0,0,1,12.0,7.0,0.0,0.0,2.0,2.0,4.428571428571429,4.928571428571429,4.321428571428571,11.600000000000001,0,-0.0019588635830536383,13.0,23.0,8.0,1,True,False,False,False,False,False,5.0
163,23.0,19.4,14.0,26.0,0.0,6.6,1019.1,20.23780059814453,2025.0,2.0,19.0,2.0,2.0,4.0,0,0,0,0,0,0,0,5.0,12.0,7.0,3.0,8.0,3.0,5.142857142857143,5.142857142857143,4.428571428571429,12.0,0,-0.0017165817658841842,25.0,44.0,24.0,2,False,True,False,False,False,False,4.0
164,34.0,20.7,15.3,27.3,0.0,8.8,1012.5,20.45240020751953,2025.0,2.0,20.0,3.0,2.0,5.0,0,0,0,0,0,0,0,4.0,5.0,12.0,5.0,8.0,9.0,5.285714285714286,4.857142857142857,4.464285714285714,12.0,0,0.010603899783194537,23.0,30.0,18.0,3,False,False,True,False,False,False,5.0
165,18.0,21.5,16.4,27.8,0.0,8.6,1012.1,20.29400062561035,2025.0,2.0,21.0,4.0,2.0,0.0,0,0,1,0,0,0,0,5.0,4.0,5.0,4.0,5.0,3.0,5.285714285714286,4.642857142857143,4.321428571428571,11.400000000000002,0,-0.007744791824039421,34.0,0.0,28.0,4,False,False,False,True,False,False,5.0
166,0.0,21.2,15.5,28.1,0.0,6.2,1017.0,20.29400062561035,2025.0,2.0,22.0,5.0,2.0,1.0,0,1,0,0,0,0,0,5.0,5.0,4.0,0.0,6.0,0.0,5.428571428571429,4.642857142857143,4.392857142857143,12.600000000000001,0,0.0,18.0,0.0,20.0,5,False,False,False,False,True,False,5.0
167,0.0,19.1,14.0,25.5,0.0,7.7,1015.1,20.29400062561035,2025.0,2.0,23.0,6.0,2.0,2.0,0,1,0,0,0,0,0,5.0,5.0,5.0,7.0,8.0,5.0,6.142857142857143,4.571428571428571,4.571428571428571,11.5,0,0.0,0.0,53.0,9.0,6,False,False,False,False,False,True,7.0
168,34.0,19.4,14.0,25.9,0.0,5.6,1013.3,20.38282966613769,2025.0,2.0,24.0,0.0,2.0,3.0,0,0,0,0,0,0,0,7.0,5.0,5.0,12.0,1.0,4.0,6.142857142857143,4.5,4.642857142857143,11.899999999999999,0,0.004377108396027118,0.0,13.0,11.0,0,False,False,False,False,False,False,6.0
169,21.0,20.0,14.4,26.7,0.0,10.3,1010.7,20.48111915588379,2025.0,2.0,25.0,1.0,2.0,4.0,0,0,0,0,0,0,0,6.0,7.0,5.0,5.0,0.0,3.0,5.285714285714286,4.857142857142857,4.714285714285714,12.299999999999999,0,0.004822170981950924,34.0,25.0,23.0,1,True,False,False,False,False,False,1.0
170,28.0,20.9,15.5,27.4,0.0,5.8,1019.6,20.45750999450684,2025.0,2.0,26.0,2.0,2.0,5.0,0,0,0,0,0,0,0,1.0,6.0,7.0,4.0,3.0,5.0,4.714285714285714,4.928571428571429,4.642857142857143,11.899999999999999,0,-0.0011527280905530013,21.0,23.0,44.0,2,False,True,False,False,False,False,4.0
171,20.0,20.2,15.3,26.3,0.0,3.7,1003.5,20.394800186157227,2025.0,2.0,27.0,3.0,2.0,6.0,0,0,0,0,0,0,0,4.0,1.0,6.0,5.0,5.0,3.0,4.714285714285714,5.0,4.607142857142857,11.0,0,-0.003065368579384886,28.0,34.0,30.0,3,False,False,True,False,False,False,3.0
172,25.0,19.3,13.8,26.1,0.0,8.1,1015.2,20.457599639892575,2025.0,2.0,28.0,4.0,2.0,0.0,0,0,1,0,0,0,0,3.0,4.0,1.0,5.0,4.0,9.0,4.428571428571429,4.857142857142857,4.607142857142857,12.3,0,0.0030791894582018475,20.0,18.0,0.0,4,False,False,False,True,False,False,4.0
173,35.0,23.6,17.9,30.6,0.0,9.0,1002.1,20.457599639892575,2025.0,3.0,1.0,5.0,1.0,0.0,1,1,1,0,0,0,0,4.0,3.0,4.0,5.0,0.0,3.0,4.285714285714286,4.857142857142857,4.428571428571429,12.700000000000003,0,0.0,25.0,0.0,0.0,5,False,False,False,False,True,False,2.0
174,7.0,24.1,18.1,31.3,0.0,7.5,1013.0,20.457599639892575,2025.0,3.0,2.0,6.0,1.0,1.0,1,1,0,0,0,0,0,2.0,4.0,3.0,7.0,7.0,2.0,3.857142857142857,5.0,4.392857142857143,13.2,0,0.0,35.0,0.0,53.0,6,False,False,False,False,False,True,4.0
175,4.0,24.5,18.8,31.5,0.0,6.7,1004.9,20.514450073242188,2025.0,3.0,3.0,0.0,1.0,2.0,1,0,0,0,0,0,0,4.0,2.0,4.0,6.0,12.0,1.0,3.4285714285714284,4.785714285714286,4.464285714285714,12.7,0,0.0027789395799278083,7.0,34.0,13.0,0,False,False,False,False,False,False,8.0
176,25.0,22.4,16.3,29.8,0.0,7.7,1012.0,20.72570037841797,2025.0,3.0,4.0,1.0,1.0,3.0,1,0,0,0,0,0,0,8.0,4.0,2.0,1.0,5.0,2.0,3.7142857142857144,4.5,4.714285714285714,13.5,0,0.010297634322224525,4.0,21.0,25.0,1,True,False,False,False,False,False,2.0
177,0.0,25.6,20.2,32.2,0.0,7.0,1002.5,20.530500411987305,2025.0,3.0,5.0,2.0,1.0,4.0,1,0,0,0,0,0,0,2.0,8.0,4.0,4.0,4.0,8.0,3.857142857142857,4.285714285714286,4.714285714285714,12.000000000000004,0,-0.009418256699007865,25.0,28.0,23.0,2,False,True,False,False,False,False,4.0
178,0.0,23.7,17.9,30.7,0.0,4.5,1017.1,20.402780532836918,2025.0,3.0,6.0,3.0,1.0,5.0,1,0,0,0,0,0,0,4.0,2.0,8.0,3.0,5.0,8.0,3.857142857142857,4.285714285714286,4.571428571428571,12.8,0,-0.006220982274538933,0.0,20.0,34.0,3,False,False,True,False,False,False,5.0
179,0.0,25.9,20.3,32.8,0.0,5.3,1013.7,20.27794075012207,2025.0,3.0,7.0,4.0,1.0,0.0,1,0,1,0,0,0,0,5.0,4.0,2.0,4.0,5.0,5.0,4.142857142857143,4.285714285714286,4.464285714285714,12.499999999999996,0,-0.006118763200629762,0.0,25.0,18.0,4,False,False,False,True,False,False,2.0
180,0.0,25.6,19.7,32.8,0.0,6.0,1011.2,20.27794075012207,2025.0,3.0,8.0,5.0,1.0,1.0,0,1,0,0,0,0,0,2.0,5.0,4.0,2.0,5.0,6.0,3.857142857142857,4.071428571428571,4.357142857142857,13.099999999999998,0,0.0,0.0,35.0,0.0,5,False,False,False,False,True,False,2.0
181,0.0,23.6,17.7,30.8,0.0,5.7,1014.0,20.27794075012207,2025.0,3.0,9.0,6.0,1.0,2.0,0,1,0,0,0,0,0,2.0,2.0,5.0,4.0,7.0,8.0,3.857142857142857,3.857142857142857,4.214285714285714,13.100000000000001,0,0.0,0.0,7.0,0.0,6,False,False,False,False,False,True,4.0
182,121.0,25.4,19.7,32.4,0.0,10.1,1004.0,20.26021957397461,2025.0,3.0,10.0,0.0,1.0,3.0,0,0,0,0,0,0,0,4.0,2.0,2.0,8.0,6.0,1.0,3.857142857142857,3.642857142857143,4.071428571428571,12.7,0,-0.0008739139918512162,0.0,4.0,34.0,0,False,False,False,False,False,False,4.0
183,50.0,25.4,19.5,32.5,0.0,4.3,1011.0,20.35137939453125,2025.0,3.0,11.0,1.0,1.0,4.0,0,0,0,0,0,0,0,4.0,4.0,2.0,2.0,1.0,0.0,3.2857142857142856,3.5,4.178571428571429,13.0,0,0.004499448795399097,121.0,25.0,21.0,1,True,False,False,False,False,False,3.0
184,27.0,24.1,18.5,30.9,0.0,4.8,1009.7,20.270299911499023,2025.0,3.0,12.0,2.0,1.0,5.0,0,0,0,0,0,0,0,3.0,4.0,4.0,4.0,4.0,3.0,3.4285714285714284,3.642857142857143,4.285714285714286,12.399999999999999,0,-0.003983979732303244,50.0,0.0,28.0,2,False,True,False,False,False,False,5.0
185,12.0,24.8,19.1,31.8,0.0,6.3,1020.4,20.17443084716797,2025.0,3.0,13.0,3.0,1.0,6.0,0,0,0,0,0,0,0,5.0,3.0,4.0,5.0,3.0,5.0,3.5714285714285716,3.7142857142857144,4.357142857142857,12.7,0,-0.004729533590998813,27.0,0.0,20.0,3,False,False,True,False,False,False,3.0
186,17.0,25.1,18.7,32.8,0.0,8.5,1004.5,20.08284950256348,2025.0,3.0,14.0,4.0,1.0,0.0,0,0,1,0,0,0,0,3.0,5.0,3.0,2.0,4.0,4.0,3.2857142857142856,3.7142857142857144,4.285714285714286,14.099999999999998,0,-0.004539475998022735,12.0,0.0,25.0,4,False,False,False,True,False,False,5.0
187,17.0,25.1,19.4,32.1,0.0,5.9,1015.7,20.08284950256348,2025.0,3.0,15.0,5.0,1.0,0.0,0,1,1,0,0,0,1,5.0,3.0,5.0,2.0,2.0,0.0,3.7142857142857144,3.7857142857142856,4.321428571428571,12.700000000000003,0,0.0,17.0,0.0,35.0,5,False,False,False,False,True,False,7.0
188,10.0,23.8,17.9,31.0,0.0,11.4,1014.4,20.08284950256348,2025.0,3.0,16.0,6.0,2.0,1.0,0,1,0,0,0,1,0,7.0,5.0,3.0,4.0,4.0,7.0,4.428571428571429,4.142857142857143,4.571428571428571,13.100000000000001,0,0.0,17.0,0.0,7.0,6,False,False,False,False,False,True,5.0
189,3.0,25.4,19.7,32.4,0.0,4.7,1012.5,19.92527961730957,2025.0,3.0,17.0,0.0,2.0,2.0,0,0,0,1,0,0,0,5.0,7.0,5.0,4.0,8.0,12.0,4.571428571428571,4.214285714285714,4.5,12.7,0,-0.007845992434181048,10.0,121.0,4.0,0,False,False,False,False,False,False,5.0
190,12.0,24.7,18.7,32.1,0.0,4.3,1014.3,19.95507049560547,2025.0,3.0,18.0,1.0,2.0,3.0,0,0,0,0,1,0,0,5.0,5.0,7.0,3.0,2.0,5.0,4.714285714285714,4.0,4.25,13.400000000000002,0,0.0014951297481424763,3.0,50.0,25.0,1,True,False,False,False,False,False,2.0
191,33.0,24.6,18.8,31.7,0.0,10.2,1011.7,19.90415954589844,2025.0,3.0,19.0,2.0,2.0,4.0,0,0,0,0,0,0,0,2.0,5.0,5.0,5.0,4.0,4.0,4.571428571428571,4.0,4.142857142857143,12.899999999999999,0,-0.0025512788701117506,12.0,27.0,0.0,2,False,True,False,False,False,False,5.0
192,29.0,21.2,15.3,28.4,0.0,4.3,1009.3,20.0231990814209,2025.0,3.0,20.0,3.0,2.0,5.0,0,0,0,0,0,0,0,5.0,2.0,5.0,3.0,5.0,5.0,4.571428571428571,4.071428571428571,4.178571428571429,13.099999999999998,0,0.005980636120201721,33.0,12.0,0.0,3,False,False,True,False,False,False,4.0
193,25.0,26.4,20.5,33.6,0.0,9.1,1013.4,20.127500534057617,2025.0,3.0,21.0,4.0,2.0,0.0,0,0,1,0,0,0,0,4.0,5.0,2.0,5.0,2.0,5.0,4.714285714285714,4.0,4.142857142857143,13.100000000000001,0,0.005209030395822101,29.0,17.0,0.0,4,False,False,False,True,False,False,6.0
194,25.0,23.1,17.6,30.0,0.0,11.2,1012.3,20.127500534057617,2025.0,3.0,22.0,5.0,2.0,1.0,0,1,0,0,0,0,0,6.0,4.0,5.0,7.0,2.0,5.0,4.857142857142857,4.285714285714286,4.178571428571429,12.399999999999999,0,0.0,25.0,17.0,0.0,5,False,False,False,False,True,False,3.0
195,5.0,25.3,19.8,32.1,0.0,10.0,1014.9,20.127500534057617,2025.0,3.0,23.0,6.0,2.0,2.0,0,1,0,0,0,0,0,3.0,6.0,4.0,5.0,4.0,7.0,4.285714285714286,4.357142857142857,4.107142857142857,12.3,0,0.0,25.0,10.0,0.0,6,False,False,False,False,False,True,5.0
196,7.0,25.3,19.8,32.2,0.0,10.0,1009.7,20.21017074584961,2025.0,3.0,24.0,0.0,2.0,3.0,0,0,0,0,0,0,0,5.0,3.0,6.0,5.0,4.0,6.0,4.285714285714286,4.428571428571429,4.035714285714286,12.400000000000002,0,0.004107326274919609,5.0,3.0,121.0,0,False,False,False,False,False,False,3.0
197,35.0,24.4,18.6,31.4,0.0,8.7,1009.3,20.03787040710449,2025.0,3.0,25.0,1.0,2.0,4.0,0,0,0,0,0,0,0,3.0,5.0,3.0,2.0,3.0,1.0,4.0,4.357142857142857,3.9285714285714284,12.799999999999997,0,-0.00852542716792759,7.0,12.0,50.0,1,True,False,False,False,False,False,4.0
198,18.0,24.7,18.3,32.5,0.0,8.9,1012.9,20.03199958801269,2025.0,3.0,26.0,2.0,2.0,5.0,0,0,0,0,0,0,0,4.0,3.0,5.0,5.0,5.0,4.0,4.285714285714286,4.428571428571429,4.035714285714286,14.2,0,-0.00029298617929551796,35.0,33.0,27.0,2,False,True,False,False,False,False,8.0
199,24.0,23.9,18.2,30.9,0.0,9.8,1015.5,20.257049560546875,2025.0,3.0,27.0,3.0,2.0,6.0,0,0,0,0,0,0,1,8.0,4.0,3.0,4.0,3.0,3.0,4.714285714285714,4.642857142857143,4.178571428571429,12.7,0,0.011234523620340608,18.0,29.0,12.0,3,False,False,True,False,False,False,12.0
200,22.0,24.9,19.0,32.1,0.0,3.9,1014.6,20.28199958801269,2025.0,3.0,28.0,4.0,2.0,0.0,0,0,1,0,0,0,0,12.0,8.0,4.0,6.0,5.0,4.0,5.857142857142857,5.285714285714286,4.5,13.100000000000001,0,0.0012316713444000538,24.0,25.0,17.0,4,False,False,False,True,False,False,3.0
201,24.0,24.6,18.3,32.4,0.0,11.1,1017.3,20.28199958801269,2025.0,3.0,29.0,5.0,2.0,1.0,0,1,0,0,0,0,0,3.0,12.0,8.0,3.0,7.0,2.0,5.428571428571429,5.142857142857143,4.464285714285714,14.099999999999998,0,0.0,22.0,25.0,17.0,5,False,False,False,False,True,False,3.0
202,2.0,22.8,17.0,30.0,0.0,3.9,1010.5,20.28199958801269,2025.0,3.0,30.0,6.0,2.0,2.0,0,1,0,0,0,0,0,3.0,3.0,12.0,5.0,5.0,4.0,5.428571428571429,4.857142857142857,4.5,13.0,0,0.0,24.0,5.0,10.0,6,False,False,False,False,False,True,5.0
203,25.0,24.3,18.5,31.4,0.0,11.1,1009.0,20.380090713500977,2025.0,3.0,31.0,0.0,2.0,0.0,0,0,1,0,0,0,0,5.0,3.0,3.0,3.0,5.0,8.0,5.428571428571429,4.857142857142857,4.535714285714286,12.899999999999999,0,0.0048363636466228765,2.0,7.0,3.0,0,False,False,False,False,False,False,4.0
204,12.0,26.9,21.3,33.8,0.0,3.8,1018.1,20.474029541015625,2025.0,4.0,1.0,1.0,1.0,0.0,1,0,1,0,0,0,0,4.0,5.0,3.0,4.0,2.0,2.0,5.571428571428571,4.785714285714286,4.392857142857143,12.499999999999996,0,0.00460934295314086,25.0,35.0,12.0,1,True,False,False,False,False,False,3.0
205,38.0,27.7,21.8,35.0,0.0,7.3,1011.0,20.328340530395508,2025.0,4.0,2.0,2.0,1.0,1.0,1,0,0,0,0,0,1,3.0,4.0,5.0,8.0,5.0,4.0,5.428571428571429,4.857142857142857,4.428571428571429,13.2,0,-0.007115795663391933,12.0,18.0,33.0,2,False,True,False,False,False,False,1.0
206,29.0,29.1,23.0,36.6,0.0,11.7,1022.3,20.25830078125,2025.0,4.0,3.0,3.0,1.0,2.0,1,0,0,0,0,0,0,1.0,3.0,4.0,12.0,4.0,5.0,4.428571428571429,4.571428571428571,4.321428571428571,13.600000000000001,0,-0.003445423842678319,38.0,24.0,29.0,3,False,False,True,False,False,False,3.0
207,20.0,28.2,22.1,35.8,0.0,6.8,1001.1,19.93221092224121,2025.0,4.0,4.0,4.0,1.0,0.0,1,0,1,0,0,0,0,3.0,1.0,3.0,3.0,6.0,2.0,3.142857142857143,4.5,4.25,13.699999999999996,0,-0.016096604672322767,29.0,22.0,25.0,4,False,False,False,True,False,False,5.0
208,25.0,26.8,21.1,33.8,0.0,9.5,1017.4,19.93221092224121,2025.0,4.0,5.0,5.0,1.0,1.0,1,1,0,0,0,0,0,5.0,3.0,1.0,3.0,3.0,2.0,3.4285714285714284,4.428571428571429,4.357142857142857,12.699999999999996,0,0.0,20.0,24.0,25.0,5,False,False,False,False,True,False,2.0
209,0.0,27.6,21.7,34.7,0.0,11.1,1008.7,19.93221092224121,2025.0,4.0,6.0,6.0,1.0,2.0,1,1,0,0,0,0,0,2.0,5.0,3.0,5.0,5.0,4.0,3.2857142857142856,4.357142857142857,4.357142857142857,13.000000000000004,0,0.0,25.0,2.0,5.0,6,False,False,False,False,False,True,4.0
210,21.0,25.7,20.0,32.8,0.0,5.7,1009.0,20.621700286865234,2025.0,4.0,7.0,0.0,1.0,3.0,1,0,0,0,0,0,1,4.0,2.0,5.0,4.0,3.0,4.0,3.142857142857143,4.285714285714286,4.357142857142857,12.799999999999997,0,0.03459171525496263,0.0,25.0,7.0,0,False,False,False,False,False,False,16.0
211,18.0,28.0,21.8,35.6,0.0,10.0,1006.8,20.69655036926269,2025.0,4.0,8.0,1.0,1.0,4.0,0,0,0,0,0,0,0,16.0,4.0,2.0,3.0,4.0,3.0,4.857142857142857,5.214285714285714,4.785714285714286,13.8,0,0.0036296756017315523,21.0,12.0,35.0,1,True,False,False,False,False,False,3.0
212,24.0,27.4,21.0,35.1,0.0,3.3,1013.4,20.836240768432617,2025.0,4.0,9.0,2.0,1.0,5.0,0,0,0,0,0,0,0,3.0,16.0,4.0,1.0,8.0,5.0,4.857142857142857,5.142857142857143,4.785714285714286,14.100000000000001,0,0.006749453250788351,18.0,38.0,18.0,2,False,True,False,False,False,False,7.0
213,26.0,25.8,19.8,33.0,0.0,10.6,1016.9,20.33354949951172,2025.0,4.0,10.0,3.0,1.0,6.0,0,0,0,0,0,0,0,7.0,3.0,16.0,3.0,12.0,3.0,5.714285714285714,5.071428571428571,4.857142857142857,13.2,0,-0.02412581398476099,24.0,29.0,24.0,3,False,False,True,False,False,False,4.0
214,22.0,30.2,24.2,37.5,0.8,9.2,1009.4,20.594459533691406,2025.0,4.0,11.0,4.0,1.0,0.0,0,0,1,0,0,0,0,4.0,7.0,3.0,5.0,3.0,5.0,5.857142857142857,4.5,4.892857142857143,13.3,1,0.012831504611920064,26.0,20.0,22.0,4,False,False,False,True,False,False,1.0
215,34.0,29.2,23.1,36.6,0.0,9.6,1018.5,20.594459533691406,2025.0,4.0,12.0,5.0,1.0,1.0,0,1,0,0,0,0,1,1.0,4.0,7.0,2.0,3.0,7.0,5.285714285714286,4.357142857142857,4.75,13.5,0,0.0,22.0,25.0,24.0,5,False,False,False,False,True,False,7.0
216,6.0,26.3,20.5,33.3,0.0,10.4,1006.6,20.594459533691406,2025.0,4.0,13.0,6.0,1.0,2.0,0,1,0,0,0,0,0,7.0,1.0,4.0,4.0,5.0,5.0,6.0,4.642857142857143,4.75,12.799999999999997,0,0.0,34.0,0.0,2.0,6,False,False,False,False,False,True,6.0
217,4.0,27.1,21.4,34.1,0.0,5.7,1014.8,20.276779174804688,2025.0,4.0,14.0,0.0,1.0,3.0,0,0,0,0,0,0,0,6.0,7.0,1.0,16.0,4.0,5.0,6.285714285714286,4.714285714285714,4.785714285714286,12.700000000000003,0,-0.015425525412163021,6.0,21.0,25.0,0,False,False,False,False,False,False,4.0
218,26.0,27.3,21.5,34.2,0.0,4.0,1008.4,20.07990074157715,2025.0,4.0,15.0,1.0,1.0,0.0,0,0,1,0,0,0,0,4.0,6.0,7.0,3.0,3.0,2.0,4.571428571428571,4.714285714285714,4.75,12.700000000000003,0,-0.00970955157770692,4.0,18.0,12.0,1,True,False,False,False,False,False,4.0
219,45.0,29.7,24.0,36.5,0.0,9.6,1006.1,20.125429153442383,2025.0,4.0,16.0,2.0,2.0,1.0,0,0,0,0,0,1,0,4.0,4.0,6.0,7.0,1.0,5.0,4.714285714285714,4.785714285714286,4.821428571428571,12.5,0,0.0022673623964168943,26.0,24.0,38.0,2,False,True,False,False,False,False,3.0
220,15.0,28.0,22.3,35.0,0.0,5.0,1007.3,19.91530036926269,2025.0,4.0,17.0,3.0,2.0,2.0,0,0,0,1,0,1,0,3.0,4.0,4.0,4.0,3.0,4.0,4.142857142857143,4.928571428571429,4.75,12.7,0,-0.010440959175459286,45.0,26.0,29.0,3,False,False,True,False,False,False,5.0
221,5.0,26.5,20.6,33.7,0.0,9.2,1009.0,19.91530036926269,2025.0,4.0,18.0,4.0,2.0,0.0,0,0,1,1,1,0,0,5.0,3.0,4.0,1.0,5.0,6.0,4.285714285714286,5.071428571428571,4.785714285714286,13.100000000000001,0,0.0,15.0,22.0,20.0,4,False,False,False,True,False,False,2.0
222,5.0,27.3,20.9,35.1,0.0,4.8,1015.7,19.91530036926269,2025.0,4.0,19.0,5.0,2.0,1.0,0,1,0,0,1,0,0,2.0,5.0,3.0,7.0,2.0,3.0,4.428571428571429,4.857142857142857,4.642857142857143,14.200000000000003,0,0.0,5.0,34.0,25.0,5,False,False,False,False,True,False,0.0
223,2.0,27.8,22.2,34.8,0.0,8.5,1017.8,19.91530036926269,2025.0,4.0,20.0,6.0,2.0,2.0,0,1,0,0,0,0,1,0.0,2.0,5.0,6.0,4.0,5.0,3.4285714285714284,4.714285714285714,4.535714285714286,12.599999999999998,0,0.0,5.0,6.0,0.0,6,False,False,False,False,False,True,0.0
224,21.0,26.4,20.4,33.6,0.0,9.9,1008.1,19.91530036926269,2025.0,4.0,21.0,0.0,2.0,3.0,0,0,0,0,0,0,0,0.0,0.0,2.0,4.0,16.0,3.0,2.5714285714285716,4.428571428571429,4.357142857142857,13.200000000000003,0,0.0,2.0,4.0,21.0,0,False,False,False,False,False,False,6.0
225,32.0,29.0,23.4,35.8,0.0,3.7,1014.9,19.70330047607422,2025.0,4.0,22.0,1.0,2.0,4.0,0,0,0,0,0,0,1,6.0,0.0,0.0,4.0,3.0,4.0,2.857142857142857,3.7142857142857144,4.464285714285714,12.399999999999999,0,-0.01064507636127221,21.0,26.0,18.0,1,True,False,False,False,False,False,20.0
226,18.0,27.4,21.3,34.8,0.0,8.2,1010.9,19.615190505981445,2025.0,4.0,23.0,2.0,2.0,5.0,0,0,0,0,0,0,0,20.0,6.0,0.0,3.0,7.0,8.0,5.142857142857143,4.928571428571429,5.035714285714286,13.499999999999996,0,-0.00447183811665286,32.0,45.0,24.0,2,False,True,False,False,False,False,6.0
227,21.0,27.5,21.4,34.8,0.0,6.3,1012.3,19.624399185180664,2025.0,4.0,24.0,3.0,2.0,6.0,0,0,0,0,0,0,0,6.0,20.0,6.0,5.0,4.0,12.0,5.571428571428571,4.857142857142857,4.964285714285714,13.399999999999999,0,0.00046946672255931965,18.0,15.0,26.0,3,False,False,True,False,False,False,3.0
228,19.0,28.1,22.5,35.0,0.0,8.2,1007.9,19.600000381469727,2025.0,4.0,25.0,4.0,2.0,0.0,0,0,1,0,0,0,0,3.0,6.0,20.0,2.0,1.0,3.0,5.285714285714286,4.785714285714286,4.642857142857143,12.5,0,-0.0012432892075168178,21.0,5.0,22.0,4,False,False,False,True,False,False,3.0
229,19.0,26.0,20.4,32.8,0.0,3.3,1011.9,19.600000381469727,2025.0,4.0,26.0,5.0,2.0,1.0,0,1,0,0,0,0,1,3.0,3.0,6.0,0.0,7.0,3.0,5.428571428571429,4.928571428571429,4.642857142857143,12.399999999999999,0,0.0,19.0,5.0,34.0,5,False,False,False,False,True,False,6.0
230,9.0,25.7,19.9,32.7,0.0,11.0,1012.5,19.600000381469727,2025.0,4.0,27.0,6.0,2.0,2.0,0,1,0,0,0,0,0,6.0,3.0,3.0,0.0,6.0,5.0,6.285714285714286,4.857142857142857,4.75,12.800000000000004,0,0.0,19.0,2.0,6.0,6,False,False,False,False,False,True,5.0
231,23.0,27.6,21.6,34.9,10.8,8.8,1016.8,19.535160064697266,2025.0,4.0,28.0,0.0,2.0,3.0,0,0,0,0,0,0,0,5.0,6.0,3.0,6.0,4.0,4.0,7.0,4.785714285714286,4.75,13.299999999999997,1,-0.0033081793627801614,9.0,21.0,4.0,0,False,False,False,False,False,False,5.0
232,25.0,27.5,21.4,35.0,0.0,9.8,1009.3,19.57309913635254,2025.0,4.0,29.0,1.0,2.0,4.0,0,0,0,0,0,0,1,5.0,5.0,6.0,20.0,4.0,3.0,6.857142857142857,4.857142857142857,4.785714285714286,13.600000000000001,0,0.0019420916711010427,23.0,32.0,26.0,1,True,False,False,False,False,False,3.0
233,23.0,27.6,21.3,35.4,0.0,7.3,1015.1,19.54019927978516,2025.0,4.0,30.0,2.0,2.0,0.0,0,0,1,0,0,1,0,3.0,5.0,5.0,6.0,3.0,1.0,4.428571428571429,4.785714285714286,4.785714285714286,14.099999999999998,0,-0.0016808710944643535,25.0,18.0,45.0,2,False,True,False,False,False,False,7.0
234,25.0,29.8,23.6,37.4,0.0,4.4,1010.3,19.589000701904297,2025.0,5.0,1.0,3.0,1.0,0.0,1,0,1,1,0,0,0,7.0,3.0,5.0,3.0,5.0,3.0,4.571428571428571,5.071428571428571,5.0,13.799999999999997,0,0.0024974884554849197,23.0,21.0,15.0,3,False,False,True,False,False,False,7.0
235,15.0,30.5,24.4,38.0,0.0,7.1,1020.6,19.600889205932617,2025.0,5.0,2.0,4.0,1.0,0.0,1,0,1,0,1,0,0,7.0,7.0,3.0,3.0,2.0,5.0,5.142857142857143,5.214285714285714,5.142857142857143,13.600000000000001,0,0.0006068969116512779,25.0,19.0,5.0,4,False,False,False,True,False,False,6.0
236,25.0,28.9,22.4,36.9,0.0,8.0,1009.1,19.600889205932617,2025.0,5.0,3.0,5.0,1.0,1.0,1,1,0,0,0,0,0,6.0,7.0,7.0,6.0,0.0,2.0,5.571428571428571,5.5,5.178571428571429,14.5,0,0.0,15.0,19.0,5.0,5,False,False,False,False,True,False,2.0
237,3.0,30.3,24.1,37.9,0.0,7.1,1004.7,19.600889205932617,2025.0,5.0,4.0,6.0,1.0,2.0,1,1,0,0,0,0,0,2.0,6.0,7.0,5.0,0.0,4.0,5.0,5.642857142857143,5.178571428571429,13.799999999999997,0,0.0,25.0,9.0,2.0,6,False,False,False,False,False,True,7.0
238,29.0,29.3,23.0,37.0,0.0,4.2,1013.6,19.610090255737305,2025.0,5.0,5.0,0.0,1.0,3.0,1,0,0,0,0,0,0,7.0,2.0,6.0,5.0,6.0,16.0,5.285714285714286,6.142857142857143,5.285714285714286,14.0,0,0.00046942002008276695,3.0,23.0,21.0,0,False,False,False,False,False,False,7.0
239,37.0,29.3,22.7,37.4,0.0,3.4,1012.4,19.673200607299805,2025.0,5.0,6.0,1.0,1.0,4.0,1,0,0,0,0,0,0,7.0,7.0,2.0,3.0,20.0,3.0,5.571428571428571,6.214285714285714,4.964285714285714,14.7,0,0.0032182591074019218,29.0,25.0,32.0,1,True,False,False,False,False,False,12.0
240,29.0,29.4,23.1,37.1,0.0,10.0,1007.8,19.644620895385746,2025.0,5.0,7.0,2.0,1.0,5.0,1,0,0,0,0,0,0,12.0,7.0,7.0,7.0,6.0,7.0,6.857142857142857,5.642857142857143,5.285714285714286,14.0,0,-0.001452723046165394,37.0,23.0,18.0,2,False,True,False,False,False,False,6.0
241,20.0,29.6,23.2,37.5,0.0,3.4,1015.5,19.60308074951172,2025.0,5.0,8.0,3.0,1.0,6.0,0,0,0,0,0,0,0,6.0,12.0,7.0,7.0,3.0,4.0,6.714285714285714,5.642857142857143,5.25,14.3,0,-0.002114581192237952,29.0,25.0,21.0,3,False,False,True,False,False,False,6.0
242,22.0,28.4,22.0,36.2,0.0,3.8,1012.1,19.518699645996094,2025.0,5.0,9.0,4.0,1.0,0.0,0,0,1,0,0,0,0,6.0,6.0,12.0,6.0,3.0,1.0,6.571428571428571,5.857142857142857,5.321428571428571,14.200000000000003,0,-0.004304481759466627,20.0,15.0,19.0,4,False,False,False,True,False,False,4.0
243,27.0,29.6,23.5,37.0,0.0,4.1,1016.1,19.518699645996094,2025.0,5.0,10.0,5.0,1.0,1.0,0,1,0,0,0,0,0,4.0,6.0,6.0,2.0,6.0,7.0,6.285714285714286,5.928571428571429,5.428571428571429,13.5,0,0.0,22.0,25.0,19.0,5,False,False,False,False,True,False,0.0
244,2.0,30.5,24.1,38.2,0.0,8.8,1008.3,19.518699645996094,2025.0,5.0,11.0,6.0,1.0,2.0,0,1,0,0,0,0,0,0.0,4.0,6.0,7.0,5.0,6.0,6.0,5.5,5.178571428571429,14.100000000000001,0,0.0,27.0,3.0,9.0,6,False,False,False,False,False,True,4.0
245,14.0,29.5,22.9,37.5,0.0,10.0,1009.3,19.44164085388184,2025.0,5.0,12.0,0.0,1.0,3.0,0,0,0,0,0,0,0,4.0,0.0,4.0,7.0,5.0,4.0,5.571428571428571,5.428571428571429,5.107142857142857,14.600000000000001,0,-0.003947947020643938,2.0,29.0,23.0,0,False,False,False,False,False,False,5.0
246,38.0,29.0,22.7,36.6,0.0,4.3,1020.2,19.60740089416504,2025.0,5.0,13.0,1.0,1.0,4.0,0,0,0,0,0,0,0,5.0,4.0,0.0,12.0,3.0,4.0,5.285714285714286,5.428571428571429,5.142857142857143,13.900000000000002,0,0.008526031394623823,14.0,37.0,25.0,1,True,False,False,False,False,False,9.0
247,35.0,29.8,23.2,37.8,0.0,10.9,1015.9,19.39310073852539,2025.0,5.0,14.0,2.0,1.0,5.0,0,0,0,0,0,0,1,9.0,5.0,4.0,6.0,7.0,3.0,4.857142857142857,5.857142857142857,5.321428571428571,14.599999999999998,0,-0.010929554447138501,38.0,29.0,23.0,2,False,True,False,False,False,False,10.0
248,30.0,28.7,22.2,36.8,0.0,10.8,1009.3,19.383060455322266,2025.0,5.0,15.0,3.0,1.0,0.0,0,0,1,0,0,0,1,10.0,9.0,5.0,6.0,7.0,5.0,5.428571428571429,6.071428571428571,5.571428571428571,14.599999999999998,0,-0.0005177244907091927,35.0,20.0,25.0,3,False,False,True,False,False,False,13.0
249,36.0,29.8,23.6,37.5,0.0,4.4,1008.4,19.471399307250977,2025.0,5.0,16.0,4.0,2.0,0.0,0,0,1,0,0,0,1,13.0,10.0,9.0,4.0,6.0,2.0,6.428571428571429,6.5,5.857142857142857,13.899999999999999,0,0.004557528576683234,30.0,22.0,15.0,4,False,False,False,True,False,False,9.0
250,34.0,31.1,24.6,39.1,0.0,7.5,1010.0,19.471399307250977,2025.0,5.0,17.0,5.0,2.0,1.0,0,1,0,0,0,0,0,9.0,13.0,10.0,0.0,2.0,0.0,7.142857142857143,6.714285714285714,6.107142857142857,14.5,0,0.0,36.0,27.0,25.0,5,False,False,False,False,True,False,2.0
251,6.0,30.8,24.3,38.8,0.0,11.6,1005.9,19.471399307250977,2025.0,5.0,18.0,6.0,2.0,2.0,0,1,0,0,0,0,0,2.0,9.0,13.0,4.0,7.0,0.0,7.428571428571429,6.714285714285714,6.178571428571429,14.499999999999996,0,0.0,34.0,2.0,3.0,6,False,False,False,False,False,True,5.0
252,15.0,31.6,25.4,39.3,0.0,11.6,1010.5,19.451169967651367,2025.0,5.0,19.0,0.0,2.0,3.0,0,0,0,0,0,0,0,5.0,2.0,9.0,5.0,7.0,6.0,7.571428571428571,6.571428571428571,6.357142857142857,13.899999999999999,0,-0.0010389258255351086,6.0,14.0,29.0,0,False,False,False,False,False,False,6.0
253,32.0,29.5,23.2,37.3,1.6,3.0,1008.9,19.284900665283203,2025.0,5.0,20.0,1.0,2.0,4.0,0,0,0,0,0,0,1,6.0,5.0,2.0,9.0,12.0,20.0,7.714285714285714,6.5,6.357142857142857,14.099999999999998,1,-0.008548036063881104,15.0,38.0,37.0,1,True,False,False,False,False,False,3.0
254,8.0,30.0,23.6,38.0,2.5,9.4,1015.6,19.26931953430176,2025.0,5.0,21.0,2.0,2.0,5.0,0,0,0,0,0,0,0,3.0,6.0,5.0,10.0,6.0,6.0,6.857142857142857,5.857142857142857,5.75,14.399999999999999,1,-0.0008079445806786767,32.0,35.0,29.0,2,False,True,False,False,False,False,2.0
255,0.0,30.1,23.6,38.1,0.0,10.5,1010.4,19.36680030822754,2025.0,5.0,22.0,3.0,2.0,6.0,0,0,0,0,0,0,0,2.0,3.0,6.0,13.0,6.0,3.0,5.714285714285714,5.571428571428571,5.607142857142857,14.5,0,0.005058859175190333,8.0,30.0,20.0,3,False,False,True,False,False,False,4.0
256,24.0,29.2,22.6,37.2,0.0,6.8,1017.0,19.32110023498535,2025.0,5.0,23.0,4.0,2.0,0.0,0,0,1,0,0,0,0,4.0,2.0,3.0,9.0,4.0,3.0,4.428571428571429,5.428571428571429,5.642857142857143,14.600000000000001,0,-0.002359712111183021,0.0,36.0,22.0,4,False,False,False,True,False,False,5.0
257,5.0,28.7,22.4,36.4,0.0,7.6,1018.9,19.32110023498535,2025.0,5.0,24.0,5.0,2.0,1.0,0,1,0,0,0,0,0,5.0,4.0,2.0,2.0,0.0,6.0,3.857142857142857,5.5,5.714285714285714,14.0,0,0.0,24.0,34.0,27.0,5,False,False,False,False,True,False,7.0
258,10.0,29.2,22.9,36.9,0.0,9.9,1003.7,19.32110023498535,2025.0,5.0,25.0,6.0,2.0,2.0,0,1,0,0,0,0,0,7.0,5.0,4.0,5.0,4.0,5.0,4.571428571428571,6.0,5.75,14.0,0,0.0,5.0,6.0,2.0,6,False,False,False,False,False,True,7.0
259,5.0,32.4,26.1,40.1,0.0,5.3,1015.4,19.20479965209961,2025.0,5.0,26.0,0.0,2.0,3.0,0,0,0,0,0,0,0,7.0,7.0,5.0,6.0,5.0,5.0,4.857142857142857,6.214285714285714,5.821428571428571,14.0,0,-0.006019356116954144,10.0,15.0,14.0,0,False,False,False,False,False,False,7.0
260,29.0,31.4,25.4,38.7,5.3,11.4,1011.2,19.24555969238281,2025.0,5.0,27.0,1.0,2.0,4.0,0,0,0,0,0,0,0,7.0,7.0,7.0,3.0,9.0,3.0,5.0,6.357142857142857,5.892857142857143,13.300000000000004,1,0.002122388206155623,5.0,32.0,38.0,1,True,False,False,False,False,False,6.0
261,33.0,28.9,22.6,36.7,0.0,3.6,1021.4,19.252700805664062,2025.0,5.0,28.0,2.0,2.0,5.0,0,0,0,0,0,0,0,6.0,7.0,7.0,2.0,10.0,7.0,5.428571428571429,6.142857142857143,6.0,14.100000000000001,0,0.0003710525126521258,29.0,8.0,35.0,2,False,True,False,False,False,False,8.0
262,27.0,30.1,23.8,37.8,0.0,10.7,999.2,19.385150909423828,2025.0,5.0,29.0,3.0,2.0,6.0,0,0,0,0,0,0,0,8.0,6.0,7.0,4.0,13.0,7.0,6.285714285714286,6.0,6.035714285714286,13.999999999999996,0,0.006879559657458456,33.0,0.0,30.0,3,False,False,True,False,False,False,4.0
263,31.0,29.8,23.4,37.6,0.0,9.7,1012.8,19.30010032653809,2025.0,5.0,30.0,4.0,2.0,0.0,0,0,1,0,0,0,0,4.0,8.0,6.0,5.0,9.0,6.0,6.285714285714286,5.357142857142857,5.928571428571429,14.200000000000003,0,-0.004387408861717623,27.0,24.0,36.0,4,False,False,False,True,False,False,6.0
264,32.0,29.4,22.9,37.2,0.0,10.2,1019.3,19.30010032653809,2025.0,5.0,31.0,5.0,2.0,0.0,0,1,1,0,0,0,0,6.0,4.0,8.0,7.0,2.0,2.0,6.428571428571429,5.142857142857143,5.928571428571429,14.300000000000004,0,0.0,31.0,5.0,34.0,5,False,False,False,False,True,False,9.0
265,0.0,31.9,25.7,39.6,0.0,6.6,1010.9,19.30010032653809,2025.0,6.0,1.0,6.0,1.0,0.0,1,1,1,0,0,0,0,9.0,6.0,4.0,7.0,5.0,7.0,6.714285714285714,5.642857142857143,6.178571428571429,13.900000000000002,0,0.0,32.0,10.0,6.0,6,False,False,False,False,False,True,12.0
266,0.0,32.1,26.1,39.5,0.0,3.5,1019.0,19.42250061035156,2025.0,6.0,2.0,0.0,1.0,1.0,1,0,0,0,0,0,0,12.0,9.0,6.0,7.0,6.0,7.0,7.428571428571429,6.142857142857143,6.357142857142857,13.399999999999999,0,0.0063419506501303236,0.0,5.0,15.0,0,False,False,False,False,False,False,8.0
267,0.0,34.3,28.0,42.0,0.0,11.9,1012.8,19.19219970703125,2025.0,6.0,3.0,1.0,1.0,2.0,1,0,0,0,0,0,0,8.0,12.0,9.0,6.0,3.0,12.0,7.571428571428571,6.285714285714286,6.392857142857143,14.0,0,-0.011857428038775097,0.0,29.0,32.0,1,True,False,False,False,False,False,5.0
268,0.0,32.6,26.3,40.4,7.3,4.0,1009.1,19.224300384521484,2025.0,6.0,4.0,2.0,1.0,3.0,1,0,0,0,0,0,0,5.0,8.0,12.0,8.0,2.0,6.0,7.428571428571429,6.428571428571429,6.142857142857143,14.099999999999998,1,0.0016725898010780949,0.0,33.0,8.0,2,False,True,False,False,False,False,6.0
269,0.0,32.6,26.7,39.8,0.0,4.7,1018.7,19.199350357055664,2025.0,6.0,5.0,3.0,1.0,4.0,1,0,0,0,0,0,0,6.0,5.0,8.0,4.0,4.0,6.0,7.142857142857143,6.714285714285714,6.142857142857143,13.099999999999998,0,-0.0012978379949737384,0.0,27.0,0.0,3,False,False,True,False,False,False,4.0
270,0.0,32.4,25.8,40.4,0.0,5.3,1016.4,19.151159286499023,2025.0,6.0,6.0,4.0,1.0,0.0,1,0,1,0,0,0,1,4.0,6.0,5.0,6.0,5.0,4.0,7.142857142857143,6.714285714285714,6.071428571428571,14.599999999999998,0,-0.002510036520008141,0.0,31.0,24.0,4,False,False,False,True,False,False,16.0
271,0.0,33.4,26.6,41.6,0.0,10.4,1018.2,19.151159286499023,2025.0,6.0,7.0,5.0,1.0,1.0,1,1,0,0,0,0,0,16.0,4.0,6.0,9.0,7.0,0.0,8.571428571428571,7.5,6.5,15.0,0,0.0,0.0,32.0,5.0,5,False,False,False,False,True,False,6.0
272,0.0,31.4,25.0,39.3,4.8,5.5,1007.2,19.151159286499023,2025.0,6.0,8.0,6.0,1.0,2.0,0,1,0,0,0,0,0,6.0,16.0,4.0,12.0,7.0,4.0,8.142857142857142,7.428571428571429,6.714285714285714,14.299999999999997,1,0.0,0.0,0.0,10.0,6,False,False,False,False,False,True,11.0
273,0.0,31.5,25.0,39.5,0.0,5.8,1020.8,19.09762954711914,2025.0,6.0,9.0,0.0,1.0,3.0,0,0,0,0,0,0,0,11.0,6.0,16.0,8.0,7.0,5.0,8.0,7.714285714285714,6.964285714285714,14.5,0,-0.002795117443235906,0.0,0.0,5.0,0,False,False,False,False,False,False,8.0
274,0.0,31.8,25.4,39.7,0.0,3.9,1014.8,19.03779983520508,2025.0,6.0,10.0,1.0,1.0,4.0,0,0,0,0,0,0,0,8.0,11.0,6.0,5.0,6.0,9.0,8.0,7.785714285714286,7.071428571428571,14.300000000000004,0,-0.003132834458142719,0.0,0.0,29.0,1,True,False,False,False,False,False,5.0
275,71.0,33.1,27.0,40.6,0.0,9.2,1012.5,19.05875968933105,2025.0,6.0,11.0,2.0,1.0,5.0,0,0,0,0,0,0,0,5.0,8.0,11.0,6.0,8.0,10.0,8.0,7.714285714285714,6.928571428571429,13.600000000000001,0,0.0011009598959650368,0.0,0.0,33.0,2,False,True,False,False,False,False,3.0
276,23.0,31.7,25.0,40.0,0.0,5.6,1013.9,18.897050857543945,2025.0,6.0,12.0,3.0,1.0,6.0,0,0,0,0,0,0,0,3.0,5.0,8.0,4.0,4.0,13.0,7.571428571428571,7.357142857142857,6.678571428571429,15.0,0,-0.008484751076305863,71.0,0.0,27.0,3,False,False,True,False,False,False,8.0
277,0.0,30.6,24.6,38.0,0.0,10.4,1021.2,18.883209228515625,2025.0,6.0,13.0,4.0,1.0,0.0,0,0,1,0,0,0,0,8.0,3.0,5.0,16.0,6.0,9.0,8.142857142857142,7.642857142857143,6.5,13.399999999999999,0,-0.0007324756192205184,23.0,0.0,31.0,4,False,False,False,True,False,False,5.0
278,33.0,32.4,25.8,40.4,0.0,11.7,1010.7,18.883209228515625,2025.0,6.0,14.0,5.0,1.0,1.0,0,1,0,0,0,0,0,5.0,8.0,3.0,6.0,9.0,2.0,6.571428571428571,7.571428571428571,6.357142857142857,14.599999999999998,0,0.0,0.0,0.0,32.0,5,False,False,False,False,True,False,8.0
279,14.0,32.9,26.7,40.4,0.0,3.2,1014.3,18.883209228515625,2025.0,6.0,15.0,6.0,1.0,0.0,0,1,1,0,0,0,0,8.0,5.0,8.0,11.0,12.0,5.0,6.857142857142857,7.5,6.571428571428571,13.7,0,0.0,33.0,0.0,0.0,6,False,False,False,False,False,True,10.0
280,19.0,30.7,24.6,38.2,0.0,11.7,1018.6,18.947799682617188,2025.0,6.0,16.0,0.0,2.0,1.0,0,0,0,0,0,0,1,10.0,8.0,5.0,8.0,8.0,6.0,6.714285714285714,7.357142857142857,6.75,13.600000000000001,0,0.0034205231388328983,14.0,0.0,0.0,0,False,False,False,False,False,False,4.0
281,20.0,32.5,25.8,40.8,3.1,10.6,1018.4,18.923349380493164,2025.0,6.0,17.0,1.0,2.0,2.0,0,0,0,0,0,0,0,4.0,10.0,8.0,5.0,5.0,3.0,6.142857142857143,7.071428571428571,6.678571428571429,14.999999999999996,1,-0.0012904032411982236,19.0,0.0,0.0,1,True,False,False,False,False,False,2.0
282,14.0,32.7,26.3,40.4,0.0,3.7,1015.7,19.019420623779297,2025.0,6.0,18.0,2.0,2.0,3.0,0,0,0,0,0,0,0,2.0,4.0,10.0,3.0,6.0,2.0,5.714285714285714,6.857142857142857,6.642857142857143,14.099999999999998,0,0.005076862523352599,20.0,71.0,0.0,2,False,True,False,False,False,False,3.0
283,13.0,32.0,26.1,39.2,0.0,7.7,1011.8,19.00749969482422,2025.0,6.0,19.0,3.0,2.0,4.0,0,0,0,0,0,0,0,3.0,2.0,4.0,8.0,4.0,4.0,5.714285714285714,6.642857142857143,6.678571428571429,13.100000000000001,0,-0.0006267766611236514,14.0,23.0,0.0,3,False,False,True,False,False,False,8.0
284,18.0,32.8,26.4,40.6,0.0,10.4,1009.1,19.02050018310547,2025.0,6.0,20.0,4.0,2.0,0.0,0,0,1,0,0,0,0,8.0,3.0,2.0,5.0,16.0,5.0,5.714285714285714,6.928571428571429,6.821428571428571,14.200000000000003,0,0.0006839662496371801,13.0,0.0,0.0,4,False,False,False,True,False,False,7.0
285,23.0,33.2,27.1,40.5,0.0,10.9,1006.5,19.02050018310547,2025.0,6.0,21.0,5.0,2.0,1.0,0,1,0,0,0,0,0,7.0,8.0,3.0,8.0,6.0,7.0,6.0,6.285714285714286,6.892857142857143,13.399999999999999,0,0.0,18.0,33.0,0.0,5,False,False,False,False,True,False,4.0
286,0.0,32.3,26.1,39.8,0.0,8.2,1018.9,19.02050018310547,2025.0,6.0,22.0,6.0,2.0,2.0,0,1,0,0,0,0,0,4.0,7.0,8.0,10.0,11.0,7.0,5.428571428571429,6.142857142857143,6.785714285714286,13.699999999999996,0,0.0,23.0,14.0,0.0,6,False,False,False,False,False,True,5.0
287,31.0,32.9,26.7,40.6,1.7,7.7,1012.7,19.210100173950195,2025.0,6.0,23.0,0.0,2.0,3.0,0,0,0,0,0,0,0,5.0,4.0,7.0,4.0,8.0,7.0,4.714285714285714,5.714285714285714,6.714285714285714,13.900000000000002,1,0.009968191636365864,0.0,19.0,0.0,0,False,False,False,False,False,False,10.0
288,14.0,31.4,24.9,39.3,0.0,8.7,1002.4,19.071199417114254,2025.0,6.0,24.0,1.0,2.0,4.0,0,0,0,0,0,0,1,10.0,5.0,4.0,2.0,5.0,6.0,5.571428571428571,5.857142857142857,6.821428571428571,14.399999999999999,0,-0.007230610750499689,31.0,20.0,0.0,1,True,False,False,False,False,False,12.0
289,29.0,30.8,24.6,38.3,0.0,10.1,1020.5,18.99176025390625,2025.0,6.0,25.0,2.0,2.0,5.0,0,0,0,0,0,0,0,12.0,10.0,5.0,3.0,3.0,8.0,7.0,6.357142857142857,7.035714285714286,13.699999999999996,0,-0.004165399431391603,14.0,14.0,71.0,2,False,True,False,False,False,False,3.0
290,24.0,33.5,27.2,41.2,0.0,4.7,1016.2,18.89859962463379,2025.0,6.0,26.0,3.0,2.0,6.0,0,0,0,0,0,0,0,3.0,12.0,10.0,8.0,8.0,4.0,7.0,6.357142857142857,6.857142857142857,14.000000000000004,0,-0.004905318307885653,29.0,13.0,23.0,3,False,False,True,False,False,False,10.0
291,12.0,31.4,25.1,39.1,0.0,9.6,1017.2,18.87881088256836,2025.0,6.0,27.0,4.0,2.0,0.0,0,0,1,0,0,0,0,10.0,3.0,12.0,7.0,5.0,6.0,7.285714285714286,6.5,7.071428571428571,14.0,0,-0.0010471009735364412,24.0,18.0,0.0,4,False,False,False,True,False,False,11.0
292,24.0,31.9,25.6,39.7,0.0,10.1,1005.2,18.87881088256836,2025.0,6.0,28.0,5.0,2.0,1.0,0,1,0,0,0,0,0,11.0,10.0,3.0,4.0,8.0,9.0,7.857142857142857,6.928571428571429,7.25,14.100000000000001,0,0.0,12.0,23.0,33.0,5,False,False,False,False,True,False,10.0
293,0.0,31.1,24.8,38.9,0.0,5.2,1011.9,18.87881088256836,2025.0,6.0,29.0,6.0,2.0,2.0,0,1,0,0,0,0,0,10.0,11.0,10.0,5.0,10.0,12.0,8.714285714285714,7.071428571428571,7.285714285714286,14.099999999999998,0,0.0,24.0,0.0,14.0,6,False,False,False,False,False,True,7.0
294,35.0,31.0,24.7,38.7,0.0,6.7,1010.1,18.7992000579834,2025.0,6.0,30.0,0.0,2.0,0.0,0,0,1,0,0,0,1,7.0,10.0,11.0,10.0,4.0,8.0,9.0,6.857142857142857,7.107142857142857,14.000000000000004,0,-0.004216940626195376,0.0,31.0,19.0,0,False,False,False,False,False,False,30.0
295,45.0,29.3,24.8,34.7,0.0,5.4,1011.4,18.738000869750977,2025.0,7.0,1.0,1.0,1.0,0.0,1,0,1,0,0,0,0,30.0,7.0,10.0,12.0,2.0,5.0,11.857142857142858,8.714285714285714,7.892857142857143,9.900000000000002,0,-0.0032554144880453384,35.0,14.0,20.0,1,True,False,False,False,False,False,3.0
296,24.0,28.9,24.2,34.7,6.8,5.0,1006.3,18.73789978027344,2025.0,7.0,2.0,2.0,1.0,1.0,1,0,0,0,0,0,0,3.0,30.0,7.0,3.0,3.0,6.0,10.571428571428571,8.785714285714286,7.821428571428571,10.500000000000004,1,-5.394891282040071e-06,45.0,29.0,14.0,2,False,True,False,False,False,False,4.0
297,15.0,29.0,24.7,34.3,0.0,4.8,1009.1,18.76370048522949,2025.0,7.0,3.0,3.0,1.0,2.0,1,0,0,0,0,0,0,4.0,3.0,30.0,10.0,8.0,4.0,10.714285714285714,8.857142857142858,7.75,9.599999999999998,0,0.0013769261901597218,24.0,24.0,13.0,3,False,False,True,False,False,False,9.0
298,16.0,29.0,24.8,34.2,0.0,8.9,1007.3,18.645910263061523,2025.0,7.0,4.0,4.0,1.0,0.0,1,0,1,0,0,0,0,9.0,4.0,3.0,11.0,7.0,16.0,10.571428571428571,8.928571428571429,7.928571428571429,9.400000000000002,0,-0.006277558217297696,15.0,12.0,18.0,4,False,False,False,True,False,False,13.0
299,24.0,31.0,26.4,36.6,0.0,10.7,1017.7,18.645910263061523,2025.0,7.0,5.0,5.0,1.0,1.0,1,1,0,0,0,0,0,13.0,9.0,4.0,10.0,4.0,6.0,10.857142857142858,9.357142857142858,7.821428571428571,10.200000000000003,0,0.0,16.0,24.0,23.0,5,False,False,False,False,True,False,8.0
300,11.0,30.4,26.3,35.3,9.1,9.3,1010.5,18.645910263061523,2025.0,7.0,6.0,6.0,1.0,2.0,1,1,0,0,0,0,0,8.0,13.0,9.0,7.0,5.0,11.0,10.571428571428571,9.642857142857142,7.892857142857143,8.999999999999996,1,0.0,24.0,0.0,0.0,6,False,False,False,False,False,True,6.0
301,18.0,30.5,26.0,36.0,0.0,5.7,1009.1,18.60633087158203,2025.0,7.0,7.0,0.0,1.0,3.0,1,0,0,0,0,0,0,6.0,8.0,13.0,30.0,10.0,8.0,10.428571428571429,9.714285714285714,7.714285714285714,10.0,0,-0.002122684863388069,11.0,35.0,31.0,0,False,False,False,False,False,False,9.0
302,11.0,27.1,22.9,32.3,0.0,7.5,1021.2,18.643329620361328,2025.0,7.0,8.0,1.0,1.0,4.0,0,0,0,0,0,0,0,9.0,6.0,8.0,3.0,12.0,5.0,7.428571428571429,9.642857142857142,7.75,9.399999999999999,0,0.001988503216171722,18.0,45.0,14.0,1,True,False,False,False,False,False,5.0
303,32.0,29.7,24.9,35.6,0.0,9.4,1013.6,18.612340927124023,2025.0,7.0,9.0,2.0,1.0,5.0,0,0,0,0,0,0,0,5.0,9.0,6.0,4.0,3.0,3.0,7.714285714285714,9.142857142857142,7.75,10.700000000000003,0,-0.0016621866301961274,11.0,24.0,29.0,2,False,True,False,False,False,False,8.0
304,20.0,27.3,22.8,32.9,1.8,5.8,1009.2,18.62376976013184,2025.0,7.0,10.0,3.0,1.0,6.0,0,0,0,0,0,0,1,8.0,5.0,9.0,9.0,10.0,8.0,8.285714285714286,9.5,7.928571428571429,10.099999999999998,1,0.0006140459737207227,32.0,15.0,24.0,3,False,False,True,False,False,False,1.0
305,24.0,28.3,23.5,34.2,0.0,11.4,1011.6,18.601259231567383,2025.0,7.0,11.0,4.0,1.0,0.0,0,0,1,0,0,0,1,1.0,8.0,5.0,13.0,11.0,5.0,7.142857142857143,8.857142857142858,7.678571428571429,10.700000000000003,0,-0.001208698821687837,20.0,16.0,12.0,4,False,False,False,True,False,False,5.0
306,30.0,30.7,26.4,35.9,0.0,3.8,1012.4,18.601259231567383,2025.0,7.0,12.0,5.0,1.0,1.0,0,1,0,0,0,0,0,5.0,1.0,8.0,8.0,10.0,8.0,6.0,8.428571428571429,7.678571428571429,9.5,0,0.0,24.0,24.0,24.0,5,False,False,False,False,True,False,5.0
307,20.0,30.5,25.5,36.6,0.0,9.7,1013.1,18.601259231567383,2025.0,7.0,13.0,6.0,1.0,2.0,0,1,0,0,0,0,0,5.0,5.0,1.0,6.0,7.0,10.0,5.571428571428571,8.071428571428571,7.571428571428571,11.100000000000001,0,0.0,30.0,11.0,0.0,6,False,False,False,False,False,True,5.0
308,14.0,30.0,25.9,35.0,0.0,5.1,1013.7,18.65760040283203,2025.0,7.0,14.0,0.0,1.0,3.0,0,0,0,0,0,0,0,5.0,5.0,5.0,9.0,30.0,4.0,5.428571428571429,7.928571428571429,7.392857142857143,9.100000000000001,0,0.003028890171533849,20.0,18.0,35.0,0,False,False,False,False,False,False,8.0
309,14.0,29.7,24.8,35.7,1.5,7.6,1019.5,18.748369216918945,2025.0,7.0,15.0,1.0,1.0,0.0,0,0,1,0,0,0,0,8.0,5.0,5.0,5.0,3.0,2.0,5.285714285714286,6.357142857142857,7.535714285714286,10.900000000000002,1,0.004864977924660563,14.0,11.0,45.0,1,True,False,False,False,False,False,4.0
310,11.0,29.3,24.7,34.9,0.0,9.9,1007.5,18.80171012878418,2025.0,7.0,16.0,2.0,2.0,1.0,0,0,0,0,0,0,0,4.0,8.0,5.0,8.0,4.0,3.0,5.142857142857143,6.428571428571429,7.607142857142857,10.2,0,0.0028450960853223517,14.0,32.0,24.0,2,False,True,False,False,False,False,5.0
311,29.0,29.5,24.9,35.0,0.0,3.5,1011.3,18.718759536743164,2025.0,7.0,17.0,3.0,2.0,2.0,0,0,0,0,0,0,0,5.0,4.0,8.0,1.0,9.0,8.0,4.714285714285714,6.5,7.678571428571429,10.100000000000001,0,-0.004411864211969929,11.0,20.0,15.0,3,False,False,True,False,False,False,6.0
312,14.0,30.1,25.7,35.5,0.0,7.9,1004.3,18.752620697021484,2025.0,7.0,18.0,4.0,2.0,0.0,0,0,1,0,0,0,0,6.0,5.0,4.0,5.0,13.0,7.0,5.428571428571429,6.285714285714286,7.607142857142857,9.8,0,0.0018089425323217778,29.0,24.0,16.0,4,False,False,False,True,False,False,9.0
313,21.0,27.5,22.6,33.6,0.0,3.0,1015.6,18.752620697021484,2025.0,7.0,19.0,5.0,2.0,1.0,0,1,0,0,0,0,0,9.0,6.0,5.0,5.0,8.0,4.0,6.0,6.0,7.678571428571429,11.0,0,0.0,14.0,30.0,24.0,5,False,False,False,False,True,False,5.0
314,32.0,29.3,24.9,34.7,0.0,10.3,1008.4,18.752620697021484,2025.0,7.0,20.0,6.0,2.0,2.0,0,1,0,0,0,0,0,5.0,9.0,6.0,5.0,6.0,5.0,6.0,5.785714285714286,7.714285714285714,9.800000000000004,0,0.0,21.0,20.0,11.0,6,False,False,False,False,False,True,5.0
315,13.0,28.3,24.0,33.5,0.0,11.9,1007.4,18.705299377441406,2025.0,7.0,21.0,0.0,2.0,3.0,0,0,0,0,0,0,0,5.0,5.0,9.0,8.0,9.0,10.0,6.0,5.714285714285714,7.714285714285714,9.5,0,-0.0025234510069088723,32.0,14.0,18.0,0,False,False,False,False,False,False,9.0
316,7.0,28.6,24.1,34.3,0.0,8.6,1016.0,18.656099319458008,2025.0,7.0,22.0,1.0,2.0,4.0,0,0,0,0,0,0,0,9.0,5.0,5.0,4.0,5.0,12.0,6.142857142857143,5.714285714285714,7.678571428571429,10.199999999999996,0,-0.0026302737524069864,13.0,14.0,11.0,1,True,False,False,False,False,False,3.0
317,24.0,28.8,24.2,34.5,0.0,12.0,1013.2,18.643930435180664,2025.0,7.0,23.0,2.0,2.0,5.0,0,0,0,0,0,0,0,3.0,9.0,5.0,5.0,8.0,3.0,6.0,5.571428571428571,7.357142857142857,10.3,0,-0.000652273772184131,7.0,11.0,32.0,2,False,True,False,False,False,False,3.0
318,12.0,29.1,24.5,34.7,0.0,10.4,1011.4,18.53668975830078,2025.0,7.0,24.0,3.0,2.0,6.0,0,0,0,0,0,0,0,3.0,3.0,9.0,6.0,1.0,10.0,5.714285714285714,5.214285714285714,7.357142857142857,10.200000000000003,0,-0.005752042320299688,24.0,29.0,20.0,3,False,False,True,False,False,False,5.0
319,13.0,28.4,24.4,33.4,6.5,11.0,1006.4,18.538549423217773,2025.0,7.0,25.0,4.0,2.0,0.0,0,0,1,0,0,0,1,5.0,3.0,3.0,9.0,5.0,11.0,5.571428571428571,5.5,7.178571428571429,9.0,1,0.00010032346342514487,12.0,14.0,24.0,4,False,False,False,True,False,False,1.0
320,21.0,26.7,22.2,32.2,0.0,6.3,1015.2,18.538549423217773,2025.0,7.0,26.0,5.0,2.0,1.0,0,1,0,0,0,0,1,1.0,5.0,3.0,5.0,5.0,10.0,4.428571428571429,5.214285714285714,6.821428571428571,10.000000000000004,0,0.0,13.0,21.0,30.0,5,False,False,False,False,True,False,16.0
321,7.0,29.1,24.6,34.6,24.2,11.8,1006.2,18.538549423217773,2025.0,7.0,27.0,6.0,2.0,2.0,0,1,0,0,0,0,0,16.0,1.0,5.0,5.0,5.0,7.0,6.0,6.0,7.035714285714286,10.0,1,0.0,21.0,32.0,20.0,6,False,False,False,False,False,True,5.0
322,16.0,28.6,23.8,34.3,0.0,8.6,1018.6,18.50309944152832,2025.0,7.0,28.0,0.0,2.0,3.0,0,0,0,0,0,0,0,5.0,16.0,1.0,9.0,8.0,30.0,6.0,6.0,6.964285714285714,10.499999999999996,0,-0.001912230610937371,7.0,13.0,14.0,0,False,False,False,False,False,False,4.0
323,15.0,28.7,24.3,34.0,0.0,7.5,1019.3,18.746999740600582,2025.0,7.0,29.0,1.0,2.0,4.0,0,0,0,0,0,0,0,4.0,5.0,16.0,3.0,4.0,3.0,5.285714285714286,5.714285714285714,6.035714285714286,9.7,0,0.013181591540542215,16.0,7.0,14.0,1,True,False,False,False,False,False,5.0
324,21.0,29.7,25.0,35.5,0.0,3.3,1011.5,18.747159957885746,2025.0,7.0,30.0,2.0,2.0,5.0,0,0,0,0,0,0,0,5.0,4.0,5.0,3.0,5.0,4.0,5.571428571428571,5.785714285714286,6.107142857142857,10.5,0,8.546289399946616e-06,15.0,24.0,11.0,2,False,True,False,False,False,False,1.0
325,7.0,29.2,24.8,34.7,0.1,5.8,1008.1,18.84289932250977,2025.0,7.0,31.0,3.0,2.0,0.0,0,0,1,0,0,0,0,1.0,5.0,4.0,5.0,6.0,9.0,5.285714285714286,5.5,6.0,9.900000000000002,1,0.005106872979112387,21.0,12.0,29.0,3,False,False,True,False,False,False,6.0
326,29.0,29.1,24.5,34.8,0.0,9.5,1007.1,18.86471939086914,2025.0,8.0,1.0,4.0,1.0,0.0,1,0,1,0,0,0,0,6.0,1.0,5.0,1.0,9.0,13.0,5.428571428571429,5.5,5.892857142857143,10.299999999999997,0,0.001157999519389552,7.0,13.0,14.0,4,False,False,False,True,False,False,8.0
327,6.0,28.9,24.5,34.2,0.0,6.6,1009.6,18.86471939086914,2025.0,8.0,2.0,5.0,1.0,1.0,1,1,0,0,0,0,0,8.0,6.0,1.0,16.0,5.0,8.0,6.428571428571429,5.428571428571429,5.714285714285714,9.700000000000003,0,0.0,29.0,21.0,21.0,5,False,False,False,False,True,False,2.0
328,8.0,29.0,24.7,34.1,1.8,5.0,1004.1,18.86471939086914,2025.0,8.0,3.0,6.0,1.0,2.0,1,1,0,0,0,0,0,2.0,8.0,6.0,5.0,5.0,6.0,4.428571428571429,5.214285714285714,5.5,9.400000000000002,1,0.0,6.0,7.0,32.0,6,False,False,False,False,False,True,4.0
329,13.0,28.0,23.3,33.7,21.7,6.7,1009.0,18.868009567260746,2025.0,8.0,4.0,0.0,1.0,3.0,1,0,0,0,0,0,1,4.0,2.0,8.0,4.0,9.0,9.0,4.285714285714286,5.142857142857143,5.428571428571429,10.400000000000002,1,0.00017440897600606853,8.0,16.0,13.0,0,False,False,False,False,False,False,1.0
330,23.0,29.1,24.7,34.6,0.0,8.5,1022.8,18.871400833129883,2025.0,8.0,5.0,1.0,1.0,4.0,1,0,0,0,0,0,0,1.0,4.0,2.0,5.0,3.0,5.0,3.857142857142857,4.571428571428571,5.142857142857143,9.900000000000002,0,0.00017973628098122418,13.0,15.0,7.0,1,True,False,False,False,False,False,1.0
331,18.0,28.1,23.7,33.5,0.0,10.2,1010.4,18.733230590820312,2025.0,8.0,6.0,2.0,1.0,5.0,1,0,0,0,0,0,0,1.0,1.0,4.0,1.0,3.0,8.0,3.2857142857142856,4.428571428571429,5.0,9.8,0,-0.007321673866785949,23.0,21.0,24.0,2,False,True,False,False,False,False,2.0
332,13.0,28.4,24.1,33.7,0.0,9.3,1017.4,18.60154914855957,2025.0,8.0,7.0,3.0,1.0,6.0,1,0,0,0,0,0,0,2.0,1.0,1.0,6.0,5.0,1.0,3.4285714285714284,4.357142857142857,4.785714285714286,9.600000000000001,0,-0.007029297035678894,18.0,7.0,12.0,3,False,False,True,False,False,False,6.0
333,11.0,27.7,23.5,32.8,0.0,5.1,1018.2,18.60795021057129,2025.0,8.0,8.0,4.0,1.0,0.0,0,0,1,0,0,0,0,6.0,2.0,1.0,8.0,1.0,5.0,3.4285714285714284,4.428571428571429,4.964285714285714,9.299999999999997,0,0.00034411445845705657,13.0,29.0,13.0,4,False,False,False,True,False,False,2.0
334,12.0,29.5,25.0,35.0,3.6,11.7,1013.7,18.60795021057129,2025.0,8.0,9.0,5.0,1.0,1.0,0,1,0,0,0,0,0,2.0,6.0,2.0,2.0,16.0,5.0,2.5714285714285716,4.5,4.857142857142857,10.0,1,0.0,11.0,6.0,21.0,5,False,False,False,False,True,False,2.0
335,3.0,31.0,26.4,36.5,0.0,8.9,1008.2,18.60795021057129,2025.0,8.0,10.0,6.0,1.0,2.0,0,1,0,0,0,0,1,2.0,2.0,6.0,4.0,5.0,5.0,2.5714285714285716,3.5,4.75,10.100000000000001,0,0.0,12.0,8.0,7.0,6,False,False,False,False,False,True,17.0
336,9.0,29.5,24.9,35.2,0.0,9.4,1013.9,18.582210540771484,2025.0,8.0,11.0,0.0,1.0,3.0,0,0,0,0,0,0,0,17.0,2.0,2.0,1.0,4.0,8.0,4.428571428571429,4.357142857142857,5.178571428571429,10.300000000000004,0,-0.0013832619664460033,3.0,13.0,16.0,0,False,False,False,False,False,False,4.0
337,12.0,26.3,21.9,31.5,3.3,9.2,1017.1,18.656200408935547,2025.0,8.0,12.0,1.0,1.0,4.0,0,0,0,0,0,0,0,4.0,17.0,2.0,1.0,5.0,4.0,4.857142857142857,4.357142857142857,5.035714285714286,9.600000000000001,1,0.003981758144528724,9.0,23.0,15.0,1,True,False,False,False,False,False,2.0
338,10.0,29.3,25.2,34.3,3.5,8.3,1013.1,18.572799682617188,2025.0,8.0,13.0,2.0,1.0,5.0,0,0,0,0,0,0,1,2.0,4.0,17.0,2.0,1.0,5.0,5.0,4.142857142857143,4.964285714285714,9.099999999999998,1,-0.004470402573420795,12.0,18.0,21.0,2,False,True,False,False,False,False,7.0
339,18.0,28.7,24.0,34.4,0.0,9.4,1014.2,18.61930084228516,2025.0,8.0,14.0,3.0,1.0,6.0,0,0,0,0,0,0,0,7.0,2.0,4.0,6.0,6.0,6.0,5.714285714285714,4.571428571428571,5.035714285714286,10.399999999999999,0,0.0025037237499252463,10.0,13.0,7.0,3,False,False,True,False,False,False,4.0
340,13.0,29.2,24.9,34.4,0.0,7.1,1019.0,18.80125999450684,2025.0,8.0,15.0,4.0,1.0,0.0,0,0,1,0,0,0,0,4.0,7.0,2.0,2.0,8.0,9.0,5.428571428571429,4.428571428571429,4.964285714285714,9.5,0,0.0097726092812489,18.0,11.0,29.0,4,False,False,False,True,False,False,1.0
341,6.0,30.3,26.2,35.2,0.0,6.1,1022.2,18.80125999450684,2025.0,8.0,16.0,5.0,2.0,1.0,0,1,0,0,0,0,0,1.0,4.0,7.0,2.0,2.0,5.0,5.285714285714286,3.9285714285714284,4.678571428571429,9.000000000000004,0,0.0,13.0,12.0,6.0,5,False,False,False,False,True,False,0.0
342,4.0,29.3,24.9,34.6,0.0,5.2,1011.2,18.80125999450684,2025.0,8.0,17.0,6.0,2.0,2.0,0,1,0,0,0,0,0,0.0,1.0,4.0,17.0,4.0,5.0,5.0,3.7857142857142856,4.5,9.700000000000003,0,0.0,6.0,3.0,8.0,6,False,False,False,False,False,True,0.0
343,16.0,29.9,25.3,35.5,0.0,5.8,1013.1,18.72348976135254,2025.0,8.0,18.0,0.0,2.0,3.0,0,0,0,0,0,0,0,0.0,0.0,1.0,4.0,1.0,9.0,2.5714285714285716,3.5,4.321428571428571,10.2,0,-0.004136437301384244,4.0,9.0,13.0,0,False,False,False,False,False,False,6.0
344,16.0,29.4,24.6,35.3,0.0,5.8,1011.6,18.765499114990234,2025.0,8.0,19.0,1.0,2.0,4.0,0,0,0,0,0,0,0,6.0,0.0,0.0,2.0,1.0,3.0,2.857142857142857,3.857142857142857,4.214285714285714,10.699999999999996,0,0.0022436711410716015,16.0,12.0,23.0,1,True,False,False,False,False,False,7.0
345,20.0,27.8,23.6,33.0,7.9,5.8,1015.8,18.818700790405277,2025.0,8.0,20.0,2.0,2.0,5.0,0,0,0,0,0,0,0,7.0,6.0,0.0,7.0,2.0,3.0,3.5714285714285716,4.285714285714286,4.357142857142857,9.399999999999999,1,0.0028350791571829514,16.0,10.0,18.0,2,False,True,False,False,False,False,5.0
346,13.0,29.9,25.3,35.4,0.0,4.3,1011.1,18.768699645996094,2025.0,8.0,21.0,3.0,2.0,6.0,0,0,0,0,0,0,0,5.0,7.0,6.0,4.0,6.0,5.0,3.2857142857142856,4.5,4.428571428571429,10.099999999999998,0,-0.002656992369774902,20.0,18.0,13.0,3,False,False,True,False,False,False,3.0
347,32.0,29.8,25.6,35.0,0.0,8.8,1011.6,18.736299514770508,2025.0,8.0,22.0,4.0,2.0,0.0,0,0,1,0,0,0,0,3.0,5.0,7.0,1.0,2.0,1.0,3.142857142857143,4.285714285714286,4.357142857142857,9.399999999999999,0,-0.0017262853493688057,13.0,13.0,11.0,4,False,False,False,True,False,False,2.0
348,29.0,29.0,24.4,34.8,19.7,6.4,1017.4,18.736299514770508,2025.0,8.0,23.0,5.0,2.0,1.0,0,1,0,0,0,0,0,2.0,3.0,5.0,0.0,2.0,16.0,3.2857142857142856,4.285714285714286,4.392857142857143,10.399999999999999,1,0.0,32.0,6.0,12.0,5,False,False,False,False,True,False,3.0
349,0.0,30.0,25.5,35.3,0.0,9.4,1016.9,18.736299514770508,2025.0,8.0,24.0,6.0,2.0,2.0,0,1,0,0,0,0,0,3.0,2.0,3.0,0.0,17.0,5.0,3.7142857142857144,4.357142857142857,3.9285714285714284,9.799999999999997,0,0.0,29.0,4.0,3.0,6,False,False,False,False,False,True,2.0
350,13.0,29.8,24.8,36.0,0.0,8.6,1009.1,18.59326934814453,2025.0,8.0,25.0,0.0,2.0,3.0,0,0,0,0,0,0,0,2.0,3.0,2.0,6.0,4.0,4.0,4.0,3.2857142857142856,3.8214285714285716,11.2,0,-0.007633853553270842,0.0,16.0,9.0,0,False,False,False,False,False,False,3.0
351,18.0,28.9,24.4,34.3,0.0,11.5,1016.0,18.683229446411133,2025.0,8.0,26.0,1.0,2.0,4.0,0,0,0,0,0,0,0,3.0,2.0,3.0,7.0,2.0,5.0,3.5714285714285716,3.2142857142857144,3.7857142857142856,9.899999999999999,0,0.004838315230214052,13.0,16.0,12.0,1,True,False,False,False,False,False,8.0
352,18.0,28.2,23.8,33.6,0.0,9.9,1015.4,18.6585693359375,2025.0,8.0,27.0,2.0,2.0,5.0,0,0,0,0,0,0,0,8.0,3.0,2.0,5.0,7.0,1.0,3.7142857142857144,3.642857142857143,3.892857142857143,9.8,0,-0.001319906204886312,18.0,20.0,10.0,2,False,True,False,False,False,False,2.0
353,22.0,28.4,24.3,33.4,0.0,5.2,1017.4,18.651199340820312,2025.0,8.0,28.0,3.0,2.0,6.0,0,0,0,0,0,0,0,2.0,8.0,3.0,3.0,4.0,6.0,3.2857142857142856,3.2857142857142856,3.9285714285714284,9.099999999999998,0,-0.0003949925090447337,18.0,13.0,18.0,3,False,False,True,False,False,False,4.0
354,18.0,30.3,25.4,36.3,0.0,9.6,1005.4,18.650239944458008,2025.0,8.0,29.0,4.0,2.0,0.0,0,0,1,0,0,0,1,4.0,2.0,8.0,2.0,1.0,8.0,3.4285714285714284,3.2857142857142856,3.857142857142857,10.899999999999999,0,-5.1438856278007705e-05,22.0,32.0,13.0,4,False,False,False,True,False,False,11.0
355,22.0,28.6,24.1,34.2,0.0,8.2,1008.3,18.650239944458008,2025.0,8.0,30.0,5.0,2.0,1.0,0,1,0,0,0,0,0,11.0,4.0,2.0,3.0,0.0,2.0,4.714285714285714,4.0,3.9642857142857144,10.100000000000001,0,0.0,18.0,29.0,6.0,5,False,False,False,False,True,False,7.0
356,28.0,29.6,25.3,35.0,0.0,6.1,1005.9,18.650239944458008,2025.0,8.0,31.0,6.0,2.0,0.0,0,1,1,0,0,0,0,7.0,11.0,4.0,2.0,0.0,4.0,5.285714285714286,4.5,4.142857142857143,9.7,0,0.0,22.0,0.0,4.0,6,False,False,False,False,False,True,4.0
357,0.0,27.9,23.1,33.9,3.8,3.7,1019.2,18.65846061706543,2025.0,9.0,1.0,0.0,1.0,0.0,1,0,1,0,0,0,0,4.0,7.0,11.0,3.0,6.0,1.0,5.571428571428571,4.785714285714286,4.142857142857143,10.799999999999997,1,0.0004407810640454368,28.0,13.0,16.0,0,False,False,False,False,False,False,2.0
358,0.0,28.3,23.1,34.5,0.0,4.0,1018.1,18.648099899291992,2025.0,9.0,2.0,1.0,1.0,1.0,1,0,0,0,0,0,0,2.0,4.0,7.0,8.0,7.0,1.0,5.428571428571429,4.5,4.178571428571429,11.399999999999999,0,-0.0005552825598035271,0.0,18.0,16.0,1,True,False,False,False,False,False,4.0
359,0.0,29.4,24.4,35.4,0.0,8.3,1006.2,18.728700637817383,2025.0,9.0,3.0,2.0,1.0,2.0,1,0,0,0,0,0,0,4.0,2.0,4.0,2.0,5.0,2.0,4.857142857142857,4.285714285714286,4.285714285714286,11.0,0,0.004322195771186976,0.0,18.0,20.0,2,False,True,False,False,False,False,4.0
360,0.0,29.2,24.3,35.2,0.0,3.8,1005.0,18.706600189208984,2025.0,9.0,4.0,3.0,1.0,3.0,1,0,0,0,0,0,0,4.0,4.0,2.0,4.0,3.0,6.0,5.142857142857143,4.214285714285714,4.357142857142857,10.900000000000002,0,-0.001180031067599674,0.0,22.0,13.0,3,False,False,True,False,False,False,4.0
361,0.0,28.3,23.0,34.9,6.3,10.6,1008.0,18.725799560546875,2025.0,9.0,5.0,4.0,1.0,0.0,1,0,1,0,0,0,0,4.0,4.0,4.0,11.0,2.0,2.0,5.142857142857143,4.285714285714286,4.285714285714286,11.899999999999999,1,0.0010263421008467333,0.0,18.0,32.0,4,False,False,False,True,False,False,3.0
362,0.0,29.9,25.0,36.0,0.0,8.7,1009.1,18.725799560546875,2025.0,9.0,6.0,5.0,1.0,1.0,1,1,0,0,0,0,0,3.0,4.0,4.0,7.0,3.0,2.0,4.0,4.357142857142857,4.321428571428571,11.0,0,0.0,0.0,22.0,29.0,5,False,False,False,False,True,False,6.0
363,0.0,27.8,23.0,33.6,0.0,8.6,1018.8,18.725799560546875,2025.0,9.0,7.0,6.0,1.0,2.0,0,1,0,0,0,0,0,6.0,3.0,4.0,4.0,2.0,17.0,3.857142857142857,4.571428571428571,4.464285714285714,10.600000000000001,0,0.0,0.0,28.0,0.0,6,False,False,False,False,False,True,4.0
364,0.0,27.7,22.7,33.8,0.0,3.7,1016.0,18.72636032104492,2025.0,9.0,8.0,0.0,1.0,3.0,0,0,0,0,0,0,0,4.0,6.0,3.0,2.0,3.0,4.0,3.857142857142857,4.714285714285714,4.0,11.099999999999998,0,2.9945877410009203e-05,0.0,0.0,13.0,0,False,False,False,False,False,False,4.0
365,0.0,28.5,23.6,34.5,5.4,9.8,1005.5,18.652870178222656,2025.0,9.0,9.0,1.0,1.0,4.0,0,0,0,0,0,0,0,4.0,4.0,6.0,4.0,8.0,2.0,4.142857142857143,4.785714285714286,4.0,10.899999999999999,1,-0.0039244221280775315,0.0,0.0,18.0,1,True,False,False,False,False,False,4.0
366,0.0,29.4,24.7,35.1,0.0,7.6,1012.7,18.62350082397461,2025.0,9.0,10.0,2.0,1.0,5.0,0,0,0,0,0,0,1,4.0,4.0,4.0,4.0,2.0,7.0,4.142857142857143,4.5,4.071428571428571,10.400000000000002,0,-0.0015745219887036699,0.0,0.0,18.0,2,False,True,False,False,False,False,8.0
367,0.0,30.7,25.8,36.8,4.9,6.8,1017.6,18.580799102783203,2025.0,9.0,11.0,3.0,1.0,6.0,0,0,0,0,0,0,0,8.0,4.0,4.0,4.0,4.0,4.0,4.714285714285714,4.928571428571429,4.107142857142857,10.999999999999996,1,-0.002292894423825742,0.0,0.0,22.0,3,False,False,True,False,False,False,4.0
368,0.0,27.0,22.1,33.0,0.0,3.3,1008.4,18.45400047302246,2025.0,9.0,12.0,4.0,1.0,0.0,0,0,1,0,0,0,1,4.0,8.0,4.0,3.0,11.0,1.0,4.714285714285714,4.928571428571429,4.107142857142857,10.899999999999999,0,-0.006824175271436528,0.0,0.0,18.0,4,False,False,False,True,False,False,9.0
369,0.0,28.6,23.8,34.5,0.7,3.2,1003.6,18.45400047302246,2025.0,9.0,13.0,5.0,1.0,1.0,0,1,0,0,0,0,1,9.0,4.0,8.0,6.0,7.0,0.0,5.571428571428571,4.785714285714286,4.392857142857143,10.7,1,0.0,0.0,0.0,22.0,5,False,False,False,False,True,False,10.0
370,0.0,29.9,24.7,36.1,0.0,4.3,1006.3,18.45400047302246,2025.0,9.0,14.0,6.0,1.0,2.0,0,1,0,0,0,0,0,10.0,9.0,4.0,4.0,4.0,0.0,6.142857142857143,5.0,4.75,11.400000000000002,0,0.0,0.0,0.0,28.0,6,False,False,False,False,False,True,4.0
371,0.0,28.7,23.9,34.6,0.0,9.4,1011.2,18.44698905944824,2025.0,9.0,15.0,0.0,1.0,0.0,0,0,1,0,0,1,0,4.0,10.0,9.0,4.0,2.0,6.0,6.142857142857143,5.0,4.892857142857143,10.700000000000003,0,-0.00037994003438290846,0.0,0.0,0.0,0,False,False,False,False,False,False,1.0
372,0.0,27.9,22.8,34.0,0.0,10.9,1015.6,18.361520767211918,2025.0,9.0,16.0,1.0,2.0,1.0,0,0,0,1,0,0,0,1.0,4.0,10.0,4.0,4.0,7.0,5.714285714285714,4.928571428571429,4.714285714285714,11.2,0,-0.0046331838741209275,0.0,0.0,0.0,1,True,False,False,False,False,False,5.0
373,0.0,28.4,23.5,34.4,0.0,10.0,1006.6,18.32304000854492,2025.0,9.0,17.0,2.0,2.0,2.0,0,0,0,0,1,0,0,5.0,1.0,4.0,8.0,4.0,5.0,5.857142857142857,5.0,4.642857142857143,10.899999999999999,0,-0.002095728298045718,0.0,0.0,0.0,2,False,True,False,False,False,False,0.0
374,0.0,28.4,23.5,34.4,0.0,10.0,1006.6,18.32304000854492,2025.0,9.0,17.0,2.0,2.0,2.0,0,0,0,0,0,0,0,0.0,5.0,1.0,4.0,4.0,3.0,4.714285714285714,4.714285714285714,4.464285714285714,10.899999999999999,0,0.0,0.0,0.0,0.0,3,False,False,True,False,False,False,0.0
375,0.0,28.4,23.5,34.4,0.0,10.0,1006.6,18.32304000854492,2025.0,9.0,17.0,2.0,2.0,2.0,0,0,0,0,0,0,0,0.0,0.0,5.0,9.0,3.0,2.0,4.142857142857143,4.428571428571429,4.357142857142857,10.899999999999999,0,0.0,0.0,0.0,0.0,4,False,False,False,True,False,False,0.0
376,0.0,28.4,23.5,34.4,0.0,10.0,1006.6,18.32304000854492,2025.0,9.0,17.0,2.0,2.0,2.0,0,0,0,0,0,0,0,0.0,0.0,0.0,10.0,6.0,3.0,2.857142857142857,4.214285714285714,4.285714285714286,10.899999999999999,0,0.0,0.0,0.0,0.0,5,False,False,False,False,True,False,0.0
